pregnancies,glucose,blood_pressure,skin_thickness,insulin,bmi,dpf,age,outcome
1,163.2,51.8,26.2,120.2,35.6,0.393,38,0
2,121.8,75.4,24.3,251.9,37.9,0.395,31,1
3,121.7,37.5,17.0,95.5,38.6,0.384,40,1
5,143.9,59.3,0.0,72.5,33.3,0.198,49,0
7,122.6,87.4,36.1,49.4,25.3,0.217,30,0
1,140.7,56.1,18.7,36.3,36.5,0.917,30,1
4,154.4,32.8,21.2,34.8,30.3,0.346,50,1
5,110.8,73.9,44.0,80.9,18.2,0.514,41,1
5,44.0,57.9,33.6,111.3,34.7,1.604,27,0
1,95.6,65.5,26.7,90.8,26.9,0.213,38,1
6,158.5,55.1,20.0,17.7,28.8,0.91,27,1
2,120.0,106.5,19.8,54.5,32.0,0.218,27,1
8,110.5,39.4,23.6,125.5,21.1,0.503,35,0
6,157.2,122.0,26.1,51.7,33.0,0.832,21,1
5,117.9,61.6,45.7,61.5,29.8,0.368,21,0
5,56.1,72.5,57.1,118.0,25.9,0.117,26,0
3,74.3,58.1,24.4,86.6,32.3,0.278,21,0
5,134.0,57.3,0.0,42.1,20.2,0.085,36,0
3,118.9,54.1,5.7,180.6,32.5,0.764,23,0
4,166.1,80.4,47.2,14.2,35.3,1.18,21,1
3,98.3,42.2,30.8,432.6,34.1,0.346,49,1
1,111.4,75.9,26.4,10.1,37.5,0.216,30,0
7,93.6,27.5,17.5,1.2,40.2,0.697,33,1
2,104.9,74.2,2.2,176.6,31.4,1.495,21,0
2,62.4,85.1,45.2,22.5,39.7,0.8,27,0
3,109.0,44.8,7.7,104.7,31.4,0.507,34,1
1,119.4,81.9,30.9,133.3,27.1,0.108,21,0
3,116.8,70.0,0.5,156.7,29.3,0.105,37,0
7,187.6,99.4,16.8,382.3,33.9,0.352,26,1
1,177.8,52.8,34.9,27.9,39.6,0.42,29,1
4,97.7,122.0,16.3,99.1,32.0,0.311,26,0
7,57.6,24.0,14.5,9.8,27.3,0.252,53,1
4,117.9,62.7,20.2,41.8,42.1,0.215,32,1
6,132.7,36.7,0.0,150.7,22.0,0.356,21,0
3,94.3,104.2,0.0,36.7,27.3,0.471,42,1
8,95.9,64.0,30.7,71.5,38.2,1.715,21,0
6,170.1,65.7,13.7,56.1,44.4,0.078,35,1
1,113.0,77.4,30.6,83.1,35.4,0.701,21,0
4,141.5,68.9,36.8,288.6,33.7,0.264,21,0
3,92.2,57.7,38.0,4.6,30.0,0.196,35,1
3,119.2,45.1,0.0,68.3,35.8,0.293,41,1
5,110.6,72.2,9.5,159.0,32.9,0.501,34,1
4,100.1,76.2,28.1,52.5,26.7,0.078,31,1
5,156.8,82.2,28.3,6.5,29.8,0.798,29,1
1,77.9,105.3,53.7,65.8,25.9,0.486,21,0
4,130.3,27.7,6.4,32.3,32.1,0.401,25,0
3,110.0,67.7,37.5,13.5,33.1,0.276,27,0
3,133.9,91.6,25.6,151.3,43.4,0.078,44,1
4,110.4,66.6,0.0,59.0,27.8,0.253,36,0
2,147.9,24.6,11.8,216.6,30.7,0.335,21,0
4,91.9,44.5,23.9,131.2,40.8,1.066,36,1
6,156.9,75.2,0.0,94.5,44.6,0.376,28,1
6,120.1,74.6,0.0,0.4,35.3,0.432,25,1
5,79.8,81.8,0.0,44.7,30.2,0.195,39,0
5,142.1,54.2,23.9,17.6,28.7,0.359,44,1
4,114.8,73.9,12.7,193.3,19.1,0.095,43,0
2,68.1,51.0,10.7,15.3,25.5,0.315,23,0
1,131.3,73.9,11.2,27.0,32.7,0.662,29,1
4,152.2,70.0,0.0,58.2,30.7,0.352,36,0
4,160.7,53.4,13.2,24.5,36.4,0.336,43,1
5,109.3,98.6,0.0,18.8,30.6,0.656,27,1
3,125.5,36.6,37.8,73.1,26.9,0.658,30,0
2,122.6,66.3,45.4,7.5,34.4,0.078,21,1
3,167.2,53.0,0.0,4.8,49.5,0.729,21,1
3,95.9,103.8,13.0,37.2,29.8,1.039,41,1
5,106.6,80.4,13.9,102.0,33.0,0.267,47,0
6,95.1,56.7,17.4,64.7,37.9,0.287,32,1
4,76.1,63.7,35.0,44.0,28.0,0.366,44,0
3,128.7,104.4,13.0,66.7,40.9,0.163,36,1
5,170.6,51.0,18.7,36.4,20.9,0.909,25,1
6,114.8,35.5,64.7,220.1,29.1,1.16,36,1
2,93.7,74.5,18.3,4.5,29.8,0.785,49,1
3,126.8,75.0,46.5,89.5,33.1,0.078,32,1
3,139.3,81.7,27.5,177.5,18.2,0.229,50,1
5,116.2,81.8,11.7,130.3,41.5,0.272,21,1
7,164.5,102.6,9.2,16.3,34.9,0.333,42,1
7,95.8,36.4,19.9,28.1,39.9,0.453,33,0
3,112.1,46.1,3.1,101.0,43.3,0.391,29,1
7,130.2,81.6,7.0,7.0,26.8,0.393,34,1
4,133.2,48.0,13.7,133.6,18.2,0.792,21,0
2,122.5,41.3,24.4,101.5,40.0,0.601,30,0
5,81.4,104.5,47.4,104.6,30.0,0.356,36,1
3,193.5,38.2,12.7,8.5,24.1,0.679,49,1
3,113.7,62.3,26.9,101.2,36.0,0.475,27,1
2,124.4,67.9,0.0,91.1,49.2,0.691,24,1
2,140.1,93.9,35.9,142.2,31.2,1.06,27,1
4,101.3,33.5,0.0,3.4,38.7,0.863,43,1
2,122.8,76.9,32.0,1.9,25.1,0.14,36,0
4,100.0,52.1,18.8,37.3,20.2,0.38,27,1
4,133.9,80.9,18.2,12.9,38.4,0.556,38,1
4,112.4,51.8,15.5,65.4,35.8,0.115,34,0
3,129.3,98.9,0.5,199.5,28.7,0.532,43,1
2,88.6,51.9,1.3,39.7,43.9,0.558,25,1
3,95.3,24.0,32.5,149.1,19.6,0.127,29,0
1,78.7,54.0,20.2,0.0,23.4,0.364,28,0
5,99.0,64.0,15.4,14.8,28.2,0.519,21,0
3,44.0,89.6,26.7,2.5,29.5,1.045,36,0
3,111.5,45.1,21.5,31.8,42.3,0.401,35,1
6,104.4,45.5,8.1,191.0,32.3,0.138,33,0
4,125.7,87.3,56.9,8.2,30.6,0.12,30,1
3,122.4,42.9,31.1,74.6,23.1,0.288,21,0
5,160.0,65.6,21.9,48.0,39.6,0.524,28,1
4,199.0,66.0,12.3,223.1,24.0,0.599,29,1
1,156.3,73.1,34.3,10.5,23.1,0.148,24,0
2,107.0,54.8,8.2,19.1,29.2,0.548,31,0
0,105.7,51.4,6.9,2.4,33.1,0.078,37,1
5,147.9,75.4,45.4,45.5,27.0,0.258,53,1
2,68.8,52.0,20.5,26.0,36.9,0.539,34,0
3,111.2,43.2,8.5,163.2,30.0,0.888,35,1
0,113.6,92.3,20.1,74.3,39.4,0.099,32,1
3,139.1,78.3,32.8,76.2,35.5,0.494,21,1
3,140.0,102.6,29.3,60.7,44.5,0.315,32,1
4,97.9,83.9,34.6,7.7,28.9,0.078,33,0
9,108.2,44.9,1.3,47.1,37.9,0.116,60,0
4,134.8,70.8,34.2,608.9,19.5,0.476,30,1
4,96.2,49.7,17.3,144.3,52.2,1.267,36,1
6,158.4,37.6,21.3,179.1,37.6,0.409,32,1
8,139.9,60.5,38.1,138.6,29.9,2.012,21,1
3,126.3,87.6,30.5,8.7,30.2,0.639,45,0
1,133.1,74.2,25.3,20.6,30.3,0.209,41,0
6,106.5,42.6,0.0,0.3,44.9,0.732,41,1
6,101.6,59.8,19.3,28.9,38.3,0.142,22,0
3,107.8,66.3,8.2,9.2,28.9,0.442,48,0
3,136.5,36.9,30.7,51.2,23.3,0.448,21,0
5,127.2,82.6,34.9,90.4,40.4,0.44,39,0
4,107.9,64.7,15.5,166.0,37.9,0.13,57,1
2,144.2,42.6,10.0,110.7,36.9,0.078,22,0
4,115.6,41.5,43.3,223.2,31.4,0.322,26,1
7,99.5,89.9,11.0,4.4,29.9,0.521,34,1
3,128.9,61.8,2.1,1.0,43.8,1.025,27,1
3,89.6,91.6,7.5,86.6,44.4,0.526,21,1
3,68.7,98.9,11.7,27.3,36.5,0.139,33,0
6,120.8,88.4,7.1,23.4,38.8,0.337,21,0
3,100.6,58.9,32.7,32.1,33.7,0.354,38,0
6,113.1,24.0,0.0,25.2,22.4,0.93,22,0
2,91.0,74.9,6.8,57.3,25.1,0.537,50,0
7,158.5,108.7,19.3,46.4,40.0,0.161,24,1
4,100.5,68.3,23.2,57.5,40.9,0.256,29,1
4,107.6,31.2,45.4,89.4,39.4,0.683,41,0
1,132.7,56.2,43.2,39.2,34.4,0.468,21,0
5,78.3,65.5,0.0,23.2,39.6,0.401,35,0
5,76.0,48.1,0.0,14.5,31.6,0.336,47,0
2,132.8,24.0,20.4,34.4,36.3,0.672,21,0
5,107.2,67.1,9.9,108.3,30.6,0.296,35,1
5,93.1,54.1,2.1,113.1,24.6,0.247,35,0
1,139.7,102.7,20.2,87.9,38.1,0.754,41,1
3,95.8,70.9,23.5,21.3,40.9,0.078,21,0
4,112.5,77.9,7.4,71.0,49.3,0.157,21,0
1,93.2,66.7,10.6,67.6,33.8,0.215,38,0
2,130.4,70.8,8.6,53.0,24.7,0.788,36,1
4,162.3,37.6,13.8,63.9,29.7,0.45,35,0
4,63.3,49.2,28.1,54.1,31.0,0.147,36,0
4,124.5,89.7,3.8,66.7,33.0,0.136,25,1
5,147.6,73.0,10.4,100.6,35.3,0.803,35,1
2,107.9,61.4,14.0,9.3,34.5,0.137,36,1
4,85.9,78.2,19.9,110.8,37.4,0.239,25,0
3,134.0,78.6,24.1,11.7,33.4,0.288,53,1
3,152.1,106.8,50.6,5.5,18.2,0.577,38,0
5,148.6,72.1,28.6,298.6,33.6,0.268,21,0
3,132.3,48.8,28.9,251.7,32.6,0.116,40,1
3,124.0,66.8,16.0,5.0,35.9,0.613,22,0
3,93.1,80.5,5.3,46.9,29.5,0.604,41,0
5,147.8,87.9,12.1,16.5,33.6,1.102,45,1
5,146.1,38.3,9.3,53.1,35.9,0.481,23,1
3,85.7,73.8,25.9,141.8,30.9,0.131,43,0
4,132.3,52.0,0.0,240.6,36.7,1.068,37,1
5,141.2,58.2,28.9,80.5,32.5,0.288,42,1
6,148.3,85.1,18.2,34.9,33.1,0.713,53,1
7,118.7,83.2,31.0,74.0,18.2,1.043,30,0
3,94.4,56.1,9.1,29.9,24.0,0.426,24,0
3,105.4,66.0,6.5,192.5,24.0,0.388,23,0
8,89.8,58.8,13.9,163.5,33.5,0.483,24,0
3,119.4,122.0,13.5,65.4,40.9,0.549,32,1
4,113.3,74.3,32.1,31.4,31.2,0.794,36,0
6,187.5,53.0,32.0,27.8,37.9,0.347,36,1
6,148.7,94.1,48.6,2.7,36.5,0.41,42,1
3,151.1,94.8,12.6,135.3,33.0,0.261,33,1
2,135.6,103.0,0.0,47.9,36.0,0.26,48,1
6,109.6,108.7,13.9,31.5,33.7,0.191,30,1
4,112.5,82.4,23.5,51.0,31.0,0.276,62,1
2,115.3,62.4,30.7,136.6,34.7,0.171,39,0
5,126.8,65.2,24.6,10.6,42.1,0.732,23,1
3,133.1,63.5,12.6,156.0,35.3,0.628,21,0
7,121.0,61.3,45.7,182.2,33.5,0.369,38,1
4,112.0,92.6,4.5,234.6,25.9,0.473,30,0
5,102.6,69.0,15.9,40.5,41.9,0.191,40,1
1,77.8,87.5,3.8,19.6,22.2,0.387,38,0
8,160.8,81.9,20.3,37.4,20.1,0.867,32,1
6,189.4,48.1,43.8,32.4,34.6,0.847,23,1
3,158.2,36.4,17.9,15.5,25.8,1.116,21,1
0,82.0,45.5,18.0,74.8,39.6,0.731,28,0
4,145.4,60.9,0.0,51.8,20.2,0.504,42,1
4,152.7,71.6,15.7,160.6,38.7,0.705,35,1
3,108.5,56.7,37.3,2.6,37.7,0.141,21,1
2,136.2,82.4,16.2,82.6,32.8,0.669,34,1
4,106.9,59.0,15.2,115.2,18.2,0.748,37,0
3,168.4,73.9,36.6,114.0,19.9,0.382,23,1
7,132.3,71.2,15.3,173.8,33.7,0.415,34,1
7,92.6,102.0,39.4,104.5,30.4,0.323,33,0
3,141.8,50.5,0.7,210.3,37.1,0.373,21,1
7,153.8,111.0,30.2,32.4,31.5,0.453,36,1
1,127.1,57.7,44.7,56.0,30.9,0.488,39,1
2,135.9,43.5,35.1,1.1,18.2,0.194,44,1
3,118.8,64.9,0.0,0.6,37.8,0.225,44,1
3,85.8,122.0,10.4,22.0,27.5,0.628,21,0
2,116.3,86.0,16.4,8.5,29.2,0.521,22,1
0,137.2,80.5,35.1,24.1,24.5,0.208,38,0
1,117.0,84.1,0.0,15.6,21.2,0.36,38,0
3,145.8,54.4,4.7,2.3,42.3,1.222,38,1
4,108.8,75.2,0.0,192.0,37.6,0.078,75,1
3,110.9,69.0,7.6,0.7,37.7,0.078,39,1
5,146.8,103.4,1.2,106.6,30.5,0.078,45,1
6,127.9,66.9,44.0,13.2,19.8,1.539,43,1
3,108.2,61.8,10.3,194.6,46.7,0.157,40,1
2,153.0,46.9,30.4,178.6,35.0,0.309,29,0
3,99.6,71.7,20.3,84.9,33.0,0.592,41,0
3,98.5,74.6,20.1,89.2,29.5,0.565,24,0
2,44.0,46.2,11.1,0.4,18.2,0.326,30,0
3,103.8,77.6,31.6,335.3,40.0,0.996,27,1
3,161.6,73.4,22.3,168.2,24.6,0.686,33,0
7,56.8,88.3,21.5,180.4,35.8,0.234,58,0
2,91.5,92.0,11.1,86.1,37.4,0.165,21,1
4,134.6,70.8,13.6,33.8,34.3,0.447,40,1
3,51.4,49.3,28.8,179.3,35.3,0.709,21,0
6,105.2,53.2,23.5,27.6,41.4,1.241,27,1
8,156.4,102.5,21.9,66.2,26.5,0.503,44,1
5,184.3,72.1,8.7,8.4,33.2,0.298,33,1
3,130.0,102.2,49.2,204.0,30.4,0.938,21,0
1,92.3,78.5,12.8,12.1,19.1,0.853,25,1
3,91.2,83.3,19.5,20.4,34.0,0.681,40,0
4,125.5,86.8,17.2,65.3,40.8,0.136,24,1
4,129.7,45.8,49.3,115.5,41.6,0.311,35,0
1,178.6,74.8,15.6,77.3,45.0,0.344,33,1
3,151.1,45.5,14.3,21.1,19.6,0.681,25,0
1,123.6,63.6,21.8,0.1,43.4,0.078,56,1
1,110.6,81.2,9.6,113.2,33.3,0.292,39,1
4,199.0,49.5,21.7,337.1,43.2,0.406,21,1
8,140.4,79.6,55.6,132.8,29.2,0.334,35,1
3,100.3,40.5,24.5,49.3,28.3,1.155,25,1
6,114.0,90.7,23.9,187.3,23.5,0.799,42,1
1,93.8,56.4,9.2,42.2,37.4,0.797,24,1
4,46.5,49.5,45.6,59.5,35.6,0.274,31,0
4,130.7,41.7,49.1,51.9,24.2,0.456,38,1
6,176.3,58.0,32.8,47.5,18.2,0.19,42,0
1,70.5,32.8,29.8,119.4,34.9,0.195,21,0
6,122.7,58.6,16.5,59.9,35.7,0.804,29,1
3,99.1,89.9,25.9,30.5,25.1,0.714,27,0
5,137.2,65.4,7.5,23.9,23.7,0.178,25,0
6,115.7,46.6,3.1,3.1,36.6,0.434,52,1
7,78.8,73.3,0.0,70.0,45.0,0.095,37,1
5,90.6,71.6,26.2,20.9,28.5,0.585,21,1
4,95.3,106.2,0.0,12.8,25.8,0.174,43,0
5,162.7,84.0,12.5,84.9,34.1,0.435,56,1
4,161.1,74.8,19.1,91.5,36.4,1.215,44,1
4,111.3,86.2,34.9,111.6,29.4,0.154,21,0
1,159.1,66.4,11.3,56.0,46.2,0.517,27,0
4,115.6,67.6,36.7,179.6,38.3,0.389,46,0
7,110.9,100.5,34.1,220.3,29.3,0.142,25,0
4,122.8,37.9,3.9,131.8,20.9,0.22,37,1
2,129.8,87.4,36.8,80.8,41.2,0.55,41,1
4,103.8,66.9,15.7,29.0,40.3,0.34,22,0
3,121.7,63.5,12.5,325.7,29.9,1.017,32,1
3,145.4,58.5,15.8,25.6,34.5,0.568,21,1
2,125.0,71.9,19.9,18.1,30.9,0.165,21,1
4,122.3,68.2,13.8,46.7,35.6,0.733,30,0
4,136.3,61.1,7.4,4.7,24.8,0.796,21,0
4,141.7,55.6,8.7,307.2,23.8,0.492,50,1
5,119.1,32.8,22.1,71.0,37.7,0.602,21,0
7,106.3,55.2,17.6,65.1,38.6,0.487,28,1
4,126.9,59.3,27.9,85.3,28.6,0.917,34,0
3,71.6,71.9,20.8,55.0,26.8,0.844,48,0
0,114.5,106.3,21.2,2.6,40.0,0.095,21,1
2,44.4,57.3,28.9,75.8,27.0,0.085,45,0
3,69.1,49.5,41.3,100.8,32.4,0.345,33,0
3,64.4,55.4,41.9,43.1,31.5,0.702,22,0
4,153.5,71.9,40.1,113.3,21.7,0.895,38,1
5,121.4,80.2,33.1,20.6,33.3,0.302,35,0
5,81.9,82.8,51.3,20.0,32.7,0.338,26,1
7,136.2,84.7,26.6,14.1,34.5,0.317,33,1
3,151.6,87.4,24.9,37.2,33.1,0.376,28,1
5,136.8,63.7,53.7,150.2,46.9,0.451,34,1
2,115.1,108.0,0.0,140.8,40.1,0.276,40,1
6,128.2,62.3,16.8,38.6,32.3,0.316,50,1
5,148.9,71.1,38.8,71.2,32.9,0.531,21,1
6,106.5,93.6,34.7,102.1,44.3,0.127,56,1
3,121.9,79.8,58.5,22.1,38.0,1.294,21,1
2,113.0,26.4,21.6,14.7,23.4,0.689,31,1
1,71.0,69.1,13.5,286.3,38.6,0.987,39,0
2,149.4,85.4,15.0,76.9,40.7,0.185,36,0
3,184.8,43.5,24.8,318.8,43.3,0.244,26,1
2,93.9,83.3,44.3,33.0,29.2,0.078,30,0
7,150.8,76.4,44.5,97.1,28.7,0.415,27,0
2,94.9,91.5,19.2,20.1,25.4,0.425,26,0
3,125.1,55.9,23.8,24.2,34.2,0.493,42,1
0,167.7,87.9,10.8,57.4,37.1,0.078,36,0
4,104.9,72.0,12.4,30.8,28.4,0.39,25,1
0,120.5,102.6,35.7,14.7,31.0,0.513,42,1
4,65.2,121.9,44.0,24.4,18.2,0.572,36,0
6,100.4,98.2,9.5,2.9,42.6,0.253,41,0
3,61.9,78.1,23.6,97.5,21.0,1.421,39,0
4,134.3,113.1,16.4,54.2,34.6,0.335,23,1
4,146.8,80.5,33.0,7.9,33.7,0.448,26,0
2,114.1,51.7,14.2,15.1,32.3,0.305,41,0
5,129.9,68.3,0.0,8.7,32.5,0.257,39,1
4,110.9,83.5,35.1,75.9,24.9,0.641,32,1
4,144.0,84.7,15.4,7.9,29.7,0.082,34,1
1,125.0,47.6,17.0,112.3,38.8,0.668,47,0
4,59.4,48.2,26.5,1.7,40.9,0.44,26,0
3,150.1,62.5,25.3,22.9,29.1,0.35,39,0
5,108.9,79.2,26.8,177.1,21.1,0.135,30,0
2,81.6,81.6,0.0,101.4,26.5,0.413,30,0
5,107.4,71.7,28.3,6.1,45.0,0.636,45,1
7,62.0,53.1,0.0,137.7,27.0,0.454,42,0
2,82.3,102.0,31.5,54.3,31.3,0.381,41,0
10,125.4,48.6,36.8,150.1,41.9,0.331,47,1
5,128.0,93.7,0.0,73.5,28.3,0.281,33,1
3,130.5,83.0,24.9,91.6,30.8,0.145,40,0
0,121.1,93.3,35.9,402.9,37.6,0.627,29,1
4,99.5,60.6,13.3,21.2,44.0,0.477,36,1
3,119.3,66.3,30.1,78.2,27.5,0.655,31,0
1,107.4,70.0,0.0,49.3,41.7,0.277,34,0
3,70.6,59.9,36.5,3.2,30.0,0.35,39,0
3,97.1,73.3,20.4,1.2,25.8,0.137,23,0
7,148.6,99.0,16.1,10.2,33.7,0.087,56,1
5,170.2,44.4,34.8,83.8,23.9,0.43,21,1
2,141.2,56.5,45.9,67.0,35.3,0.078,21,1
2,168.9,54.5,27.3,64.5,54.0,0.516,45,1
1,123.6,67.2,44.1,2.6,39.7,0.246,41,0
6,175.0,66.4,0.0,50.7,31.3,1.587,39,1
7,184.7,83.7,30.0,206.8,39.4,0.408,39,1
4,67.3,69.6,18.0,40.5,25.5,0.606,32,0
3,127.9,74.8,8.2,78.4,26.7,0.228,23,1
3,123.7,76.6,0.0,121.1,31.5,0.874,33,1
6,107.9,73.7,29.2,122.6,32.6,0.922,25,1
4,136.2,82.4,33.1,58.6,22.9,0.78,43,0
2,122.3,66.7,40.1,156.1,29.9,1.395,31,1
2,98.2,100.3,37.6,39.7,31.0,0.154,23,0
3,120.2,117.3,8.4,175.6,42.8,0.638,29,1
1,158.3,82.4,39.4,22.0,22.9,0.209,37,1
7,126.7,73.3,40.9,26.3,22.3,0.161,26,0
4,140.4,80.9,16.1,4.4,33.2,0.391,23,1
7,112.4,48.1,20.4,127.0,40.1,0.48,35,1
6,135.0,72.4,6.0,43.2,35.9,0.37,35,1
5,83.5,55.1,42.2,20.8,34.1,0.121,27,0
7,105.5,78.7,0.0,21.1,30.0,0.421,27,1
6,117.8,55.2,28.0,185.3,36.7,0.395,35,1
8,81.4,62.4,11.0,143.6,37.8,0.167,21,0
4,95.3,33.4,3.4,64.5,30.2,1.041,21,0
1,130.7,46.7,0.0,76.6,25.4,1.312,25,1
0,125.0,75.7,16.8,51.4,25.4,0.442,30,1
6,146.0,52.5,1.0,39.8,38.2,0.078,36,1
3,102.4,89.2,20.8,197.7,21.2,0.399,49,0
5,122.8,50.9,46.5,10.7,43.7,0.843,42,1
3,100.2,77.6,23.0,43.4,28.8,0.406,31,0
8,142.9,54.5,50.0,33.8,34.2,0.367,32,1
2,157.9,76.3,5.3,55.2,36.9,0.647,21,1
3,136.0,39.8,0.8,48.9,27.2,1.599,32,0
3,153.9,60.4,4.6,58.5,28.8,0.513,29,1
4,122.0,52.9,19.0,12.1,32.9,0.445,36,1
1,146.0,85.8,60.8,57.6,26.0,0.971,23,0
5,123.3,77.8,0.0,22.2,24.5,0.56,38,1
2,89.2,45.6,29.3,16.3,25.2,1.208,49,0
3,128.6,65.1,9.5,5.4,40.5,0.164,31,1
3,90.1,54.3,16.6,115.1,34.8,0.166,37,0
5,193.5,87.1,1.1,44.6,26.4,0.196,40,1
3,110.6,93.2,33.2,78.8,38.1,0.744,28,1
4,141.0,41.6,19.3,104.0,26.8,0.515,35,1
2,120.6,84.7,36.3,91.0,18.3,0.327,33,1
3,82.8,53.4,22.6,50.9,36.9,0.518,34,0
1,62.1,64.2,0.0,39.3,43.5,0.822,24,1
5,144.2,69.6,36.4,37.7,35.9,0.313,33,1
4,169.0,103.5,0.0,81.7,18.8,0.683,38,1
4,98.2,49.9,0.0,54.6,31.8,0.283,48,0
4,69.6,84.9,6.2,151.3,30.1,0.092,43,0
5,110.9,46.7,6.4,166.2,34.6,0.406,56,0
3,91.9,45.4,40.9,15.0,26.1,0.08,24,0
0,100.8,69.5,17.4,11.7,29.7,0.309,42,0
4,139.9,69.4,38.7,79.6,22.1,0.449,35,0
3,119.4,24.0,11.5,28.7,33.6,0.198,57,0
5,95.3,91.0,24.8,1.5,22.3,0.609,24,0
3,139.2,28.4,27.1,175.6,35.1,0.333,23,1
2,141.7,66.2,30.4,20.6,26.7,0.623,26,1
1,110.6,94.2,13.0,211.9,18.2,0.396,21,0
4,125.3,111.0,14.3,101.1,37.6,0.342,27,1
9,137.1,62.1,15.5,115.1,35.5,0.199,24,1
2,134.2,41.8,0.0,18.0,41.5,0.411,34,1
6,122.3,93.5,18.7,21.3,18.2,0.451,36,0
5,165.4,85.4,14.2,58.9,27.4,0.524,53,1
3,139.1,59.7,28.7,15.1,32.9,0.487,43,1
3,107.0,57.3,21.4,29.2,36.0,0.12,26,1
2,107.2,55.4,40.0,31.0,21.8,0.798,23,0
4,103.7,62.5,21.1,13.9,35.0,0.537,38,0
3,140.6,75.0,11.6,18.4,28.0,0.419,21,1
1,101.7,58.2,20.9,124.3,19.0,0.52,53,0
5,107.8,60.6,30.9,14.6,26.7,0.592,45,1
3,153.8,81.2,0.0,2.3,35.6,1.35,27,1
6,126.9,40.8,9.3,79.4,19.3,0.254,21,0
5,158.2,61.9,9.6,298.3,36.5,0.259,47,1
3,145.7,37.2,26.2,32.2,34.0,0.155,31,1
7,84.5,71.1,27.9,10.1,30.2,0.078,46,0
3,117.8,32.2,21.5,67.6,20.6,0.547,21,0
1,151.7,85.9,0.0,189.5,21.1,1.386,26,0
0,83.1,44.0,0.0,122.6,29.2,0.321,33,0
4,134.0,35.3,16.4,77.9,24.1,0.917,33,1
0,119.8,62.1,12.5,30.3,29.7,0.326,28,0
3,66.6,101.5,20.1,62.4,38.3,0.887,39,0
2,124.7,82.5,13.0,7.7,30.1,0.517,21,1
2,95.0,32.5,43.0,90.9,29.9,0.414,31,0
2,84.8,43.5,0.0,103.3,29.9,0.256,34,0
6,121.3,61.5,24.5,268.3,39.1,0.429,38,1
4,61.1,111.5,32.4,24.1,41.1,0.734,40,1
4,100.1,51.2,30.5,1.5,35.0,0.229,21,0
3,199.0,51.3,31.8,63.1,33.0,0.381,21,1
4,141.2,98.0,34.0,98.1,33.6,0.471,47,1
0,93.7,72.7,10.9,125.0,42.0,0.717,36,1
3,164.5,89.0,3.5,17.2,35.3,0.439,24,0
3,90.2,55.2,0.0,24.3,42.7,0.328,50,0
8,103.8,67.1,14.6,57.5,29.1,0.494,34,0
4,85.4,94.0,8.3,32.1,22.7,0.873,45,0
4,128.9,66.2,37.4,157.6,27.3,0.558,33,1
4,163.4,90.3,15.7,51.4,28.1,0.388,55,1
2,90.0,76.4,4.5,128.6,43.2,0.423,52,1
5,57.1,49.2,2.2,69.5,37.2,0.163,30,1
2,154.8,68.7,49.8,118.7,27.5,0.676,43,1
5,169.2,87.6,19.7,32.4,37.7,0.123,40,1
3,59.2,81.7,8.3,142.4,31.1,0.287,48,1
4,135.3,68.2,21.9,25.7,43.4,0.354,22,1
5,128.0,33.1,48.5,63.2,29.7,0.287,40,1
4,96.6,34.9,14.2,19.3,21.2,0.17,44,1
9,77.8,38.9,30.3,51.6,30.7,0.233,21,1
3,151.7,59.3,37.8,30.6,29.7,0.116,21,1
2,126.6,61.8,0.0,24.8,22.6,1.109,21,0
4,128.9,41.0,10.4,272.9,36.1,0.262,30,0
6,101.7,88.4,35.9,14.0,42.0,0.241,40,1
4,96.1,45.0,9.5,123.8,24.1,1.382,49,1
3,44.9,43.0,26.2,331.6,38.8,0.087,33,1
5,113.9,70.7,8.6,1.6,27.8,0.604,50,1
3,165.6,87.5,13.3,96.1,31.8,0.417,21,1
1,93.4,108.0,11.5,23.3,31.1,0.173,21,0
2,73.8,80.1,29.6,3.3,31.8,0.44,32,0
1,134.5,99.0,23.0,41.3,35.3,1.229,37,1
9,140.2,46.0,21.5,218.9,24.8,0.6,32,1
2,102.8,110.0,57.6,0.9,41.1,0.546,21,1
7,110.2,33.6,46.1,70.9,35.5,0.134,32,0
2,129.2,59.4,0.0,55.7,37.8,0.2,21,1
5,116.2,79.7,13.3,165.3,26.5,0.095,40,0
0,152.0,38.5,56.4,7.0,24.2,0.427,37,1
3,196.6,51.4,11.4,91.5,40.3,0.414,22,1
9,68.0,48.4,51.3,91.2,23.9,0.202,27,0
6,159.1,63.1,13.6,88.5,33.0,0.736,21,0
8,124.3,96.0,16.5,228.2,39.1,0.125,32,1
5,164.0,69.3,33.0,138.6,31.1,0.216,43,1
5,143.5,60.2,18.6,3.4,40.2,0.438,22,1
4,122.9,24.0,27.4,51.0,30.1,0.142,38,0
3,144.6,77.9,43.6,40.6,23.1,0.316,27,1
9,108.8,84.0,31.4,29.7,34.6,0.23,24,1
5,97.0,36.7,22.1,48.0,33.4,0.487,31,0
1,146.1,67.7,45.1,38.8,50.8,0.114,21,1
2,94.8,72.7,33.2,45.3,25.4,0.078,26,0
6,140.9,87.3,9.0,310.1,30.2,0.136,21,1
4,122.0,55.2,49.7,7.4,26.9,0.744,54,1
5,48.8,52.4,29.6,204.3,31.0,0.707,33,1
2,103.2,60.3,16.8,52.4,30.7,0.181,25,0
4,131.4,93.4,0.0,78.2,25.9,0.38,35,0
1,108.4,88.8,0.0,141.8,35.3,0.406,31,0
3,44.0,68.6,45.5,35.8,30.5,0.108,30,0
3,161.9,88.4,46.1,45.0,41.4,0.235,39,1
5,126.3,24.0,21.3,42.1,27.5,0.341,41,1
2,134.8,84.0,0.0,37.6,45.0,0.078,27,1
2,106.3,47.7,3.7,207.8,33.9,0.436,26,1
3,137.5,102.6,0.0,141.3,40.9,0.567,29,1
2,177.9,48.8,0.0,9.2,32.8,0.471,21,1
4,98.2,52.8,50.4,9.2,26.5,0.662,21,0
4,172.7,79.7,50.9,44.7,30.2,0.547,48,1
2,133.4,81.5,3.2,8.3,22.3,0.733,51,1
2,94.0,60.5,19.9,77.2,31.2,0.078,30,0
7,189.6,76.1,0.7,12.4,33.2,0.292,39,1
6,133.1,78.4,19.8,59.1,32.3,0.164,36,1
6,142.0,76.5,44.6,0.6,41.3,0.078,66,1
3,112.7,61.3,36.2,30.5,31.0,0.357,45,0
3,96.3,78.6,32.1,90.5,18.7,0.76,31,0
5,126.2,95.7,17.1,52.9,56.8,0.244,22,1
3,170.0,45.7,38.9,306.3,27.2,0.51,21,1
2,111.4,53.0,29.7,165.8,38.8,0.922,35,0
5,120.2,69.5,26.1,35.6,21.5,0.326,24,0
3,166.1,48.9,18.3,3.7,33.7,0.824,21,1
5,111.7,34.7,24.8,149.5,26.4,0.77,25,0
3,136.8,89.8,24.3,193.7,18.2,0.499,21,0
0,148.2,26.7,11.9,137.5,30.0,0.131,51,0
6,114.9,61.4,8.4,11.0,31.6,0.078,42,0
3,130.6,83.4,5.0,493.8,30.5,0.219,32,1
2,141.5,74.1,6.0,23.9,33.7,0.277,49,1
5,108.6,61.6,17.2,103.0,30.1,0.325,33,0
6,146.3,48.1,14.7,190.9,32.5,0.611,23,1
1,104.0,75.5,10.7,21.5,33.2,0.21,49,1
6,100.1,50.2,9.6,191.1,31.8,0.622,38,1
1,73.7,74.1,24.4,29.6,30.8,1.156,21,0
3,105.4,71.7,40.7,299.8,25.7,0.348,30,0
2,95.7,71.9,19.8,26.4,36.2,0.463,23,0
3,108.6,56.8,18.9,245.4,30.0,1.109,21,1
3,140.0,107.7,6.0,4.4,29.5,0.68,43,1
3,67.5,75.8,16.7,98.8,35.6,0.217,54,1
4,59.8,63.7,37.9,60.8,33.5,1.217,21,0
0,97.8,74.0,35.6,52.0,27.1,0.455,39,0
5,135.3,54.3,34.5,20.2,40.8,0.239,25,1
6,130.0,61.7,34.0,97.8,23.7,0.08,27,0
7,97.3,114.4,26.6,16.9,24.8,0.213,26,0
6,157.3,54.4,26.0,64.4,36.7,0.441,23,1
5,100.6,67.5,23.7,23.4,44.3,0.164,33,1
2,135.3,60.3,13.7,249.2,28.0,0.188,23,0
1,109.8,49.2,21.3,2.3,34.9,0.953,35,1
4,94.1,77.0,23.2,17.8,23.7,0.461,32,0
7,102.2,69.7,29.5,22.2,25.5,0.096,30,0
2,143.8,86.3,21.5,42.8,39.9,0.642,23,1
4,132.2,84.4,51.6,21.2,34.6,0.078,26,0
5,151.0,86.1,1.9,54.1,40.1,0.441,41,1
4,132.2,51.6,31.3,164.7,39.6,0.4,38,0
4,71.1,81.2,19.4,99.6,18.2,1.604,22,0
3,186.5,81.6,20.0,69.4,23.6,0.799,34,1
9,132.6,49.6,7.8,7.5,33.9,0.384,41,1
2,137.0,62.9,35.3,94.7,20.1,0.716,21,1
4,109.3,41.3,29.8,14.6,24.6,0.078,38,0
3,155.5,81.7,32.5,123.5,42.0,0.397,25,1
2,87.1,81.6,22.5,23.0,28.2,0.23,39,1
3,139.9,96.2,15.1,43.2,37.0,0.433,24,1
7,56.5,64.7,19.0,34.5,31.8,0.078,21,0
1,142.0,77.6,26.5,156.6,27.2,0.629,21,1
2,87.5,87.8,0.0,10.8,20.4,0.55,33,0
3,129.6,54.7,33.1,66.7,33.6,0.817,35,0
5,163.1,51.8,56.4,12.3,42.2,0.276,23,1
3,146.5,55.3,27.2,97.6,27.4,0.647,40,1
4,159.0,62.4,15.8,188.4,32.5,1.286,21,1
6,155.7,52.5,17.6,45.6,21.4,0.312,32,1
3,104.7,56.1,30.6,53.6,27.3,0.111,21,0
3,139.5,85.7,16.1,209.8,34.4,0.619,25,1
4,67.5,67.2,33.0,58.9,37.2,0.29,33,0
4,99.7,74.8,17.4,53.5,35.9,0.157,23,1
6,164.2,58.5,45.7,69.1,18.2,0.187,28,1
2,109.1,57.3,45.3,93.5,28.8,0.095,44,1
3,63.1,74.4,15.0,9.0,25.2,0.157,26,0
2,183.4,71.4,18.8,137.7,29.8,0.52,42,1
2,138.4,83.8,19.7,45.7,31.2,0.535,21,0
3,144.7,93.7,19.9,6.0,39.5,0.204,38,1
9,90.6,55.9,5.8,123.4,34.1,1.551,48,1
6,129.8,85.4,3.7,37.9,41.9,0.426,21,1
6,129.0,48.5,38.7,8.5,27.1,0.497,24,1
5,95.5,108.4,36.3,80.4,22.1,0.576,39,0
1,115.7,54.1,36.1,169.7,42.2,0.214,30,1
0,74.5,82.1,19.0,175.0,35.0,0.743,37,0
8,110.3,48.3,48.4,253.0,26.8,0.083,26,1
3,151.2,66.1,19.7,161.8,35.1,0.141,33,1
5,97.8,98.4,32.9,0.2,37.8,0.216,31,1
4,180.1,53.5,0.0,38.3,32.8,0.463,45,1
2,76.5,110.9,16.6,136.5,26.9,0.119,35,0
4,112.9,68.9,17.7,36.5,28.9,0.13,36,0
0,100.7,87.5,19.0,73.6,34.0,1.026,28,1
3,115.4,76.7,0.1,74.6,33.4,0.938,27,1
1,163.5,77.7,30.6,36.3,40.5,0.114,28,1
5,90.5,41.9,35.4,187.9,30.1,0.198,37,0
1,107.0,60.0,8.8,56.0,25.3,0.376,28,1
2,141.3,91.7,2.8,50.0,50.0,0.6,36,1
1,123.9,62.5,8.5,479.8,33.2,0.272,55,1
2,126.4,71.6,27.4,54.4,37.8,0.245,42,0
6,91.1,39.6,11.1,15.7,35.7,0.861,29,1
3,118.8,58.8,18.0,57.6,33.3,0.215,46,1
4,156.1,90.3,3.9,134.6,30.4,0.31,28,0
4,71.1,44.6,49.7,120.0,18.2,0.559,21,0
2,99.4,82.6,21.1,124.3,24.6,0.577,21,0
2,64.7,72.4,37.2,98.5,34.3,0.535,21,1
4,137.6,64.5,27.4,23.5,18.2,0.512,29,1
4,159.0,63.7,19.4,158.5,32.5,0.465,33,1
4,115.3,59.7,18.6,179.1,36.6,0.326,51,1
1,89.8,61.4,9.1,17.3,37.8,0.742,36,0
4,90.7,86.7,13.2,11.2,36.2,0.598,30,1
4,111.8,60.8,4.9,297.1,38.7,0.24,42,1
5,111.7,103.3,3.2,162.2,43.2,0.315,21,1
4,149.3,74.7,51.3,179.0,39.7,0.129,35,1
8,100.3,58.1,24.2,174.0,33.4,0.268,41,0
4,134.5,87.5,42.0,62.4,31.1,0.145,21,0
7,111.5,80.9,8.1,83.2,32.8,0.756,45,1
0,97.9,37.6,1.2,63.1,30.1,1.77,36,0
4,110.8,49.3,5.3,4.2,39.8,0.134,28,1
4,131.4,66.8,13.7,109.5,36.0,0.342,39,1
5,149.4,38.9,20.5,56.3,29.3,0.3,57,1
5,113.2,108.7,17.7,83.5,41.3,0.078,35,1
4,83.7,84.6,8.4,55.9,30.0,0.223,35,1
2,152.0,68.7,21.3,54.2,25.4,1.252,27,1
3,93.2,62.5,22.6,15.1,31.9,0.44,23,1
5,129.1,57.6,30.5,26.1,26.2,0.346,42,1
0,120.2,31.7,42.1,13.8,38.6,0.147,23,1
1,116.1,36.1,14.5,17.4,26.1,0.686,33,1
1,105.9,105.1,38.2,288.9,31.2,0.259,27,1
3,140.2,98.9,21.0,13.3,38.6,0.211,38,1
4,44.0,58.1,0.0,25.1,27.0,0.638,36,1
2,156.2,86.3,46.7,71.4,34.9,0.344,44,1
2,92.7,78.6,54.1,75.4,25.2,0.168,27,1
4,133.6,80.9,29.3,13.4,33.7,0.676,30,0
8,132.0,41.9,21.3,126.3,36.0,0.429,22,0
4,160.5,34.6,15.9,123.0,31.7,0.681,28,1
0,127.1,91.5,13.0,21.7,32.2,0.358,37,1
5,95.3,31.4,38.2,27.2,35.1,1.86,41,1
4,71.3,66.2,19.7,222.4,30.0,0.079,22,0
4,110.2,62.0,45.1,139.7,38.2,1.723,42,1
3,60.3,60.3,20.5,95.7,41.6,0.24,47,1
5,101.5,75.0,13.8,6.9,25.5,0.084,37,0
4,111.9,56.1,11.0,43.3,44.4,0.459,53,1
2,99.6,76.5,8.8,65.6,29.9,0.858,24,0
6,122.3,71.7,27.7,16.6,46.0,0.531,21,1
4,113.7,108.9,0.6,47.6,30.0,0.078,21,0
3,110.8,42.7,7.7,73.5,37.0,0.078,49,1
6,45.9,69.6,39.9,31.7,36.9,0.092,40,1
3,80.9,77.2,5.7,121.5,29.3,0.222,32,0
4,140.9,64.1,32.9,146.8,32.5,0.108,36,1
2,145.9,43.6,0.0,31.3,42.1,0.314,21,0
3,64.0,92.9,41.8,145.9,29.7,0.078,59,1
1,95.7,75.4,0.9,8.7,29.1,0.331,34,0
5,154.2,44.9,6.9,145.5,23.9,0.511,34,1
4,98.7,77.3,30.2,13.3,43.0,0.856,40,1
7,117.5,101.3,24.1,6.9,28.6,0.453,38,1
4,165.7,68.3,33.4,82.1,40.4,0.984,35,1
1,109.8,69.0,0.8,51.1,27.8,0.454,24,0
6,105.4,98.8,15.7,190.8,40.2,0.126,38,1
3,116.1,50.6,10.7,36.1,37.6,0.288,53,1
3,178.5,101.8,3.3,27.1,30.4,0.212,47,1
3,134.8,87.5,28.9,55.6,26.9,0.408,50,1
4,121.6,51.4,34.1,48.7,27.4,0.078,27,0
6,104.7,56.3,14.9,33.8,27.3,0.924,22,1
6,137.7,59.0,42.8,94.7,39.5,0.62,31,1
3,141.5,34.2,8.2,114.0,33.1,0.382,33,1
3,87.7,73.9,42.5,153.4,24.2,1.798,45,1
2,142.3,52.3,28.4,288.5,30.2,1.244,21,1
5,116.3,74.6,1.6,24.8,31.1,0.578,49,0
4,121.8,44.5,49.7,100.7,18.2,0.394,31,0
3,93.6,86.5,13.3,40.1,30.6,0.312,28,1
5,108.6,83.0,38.1,90.4,37.1,0.294,21,1
5,89.1,55.6,22.2,51.7,31.0,0.206,21,0
4,87.6,75.8,25.6,406.3,33.8,0.207,42,1
8,132.7,70.6,33.5,104.4,35.4,0.365,33,1
3,110.0,97.2,32.7,243.7,29.6,0.813,21,0
3,80.7,49.4,14.9,144.1,37.1,0.361,21,0
3,188.5,66.1,28.0,186.6,42.2,0.103,29,1
2,86.1,56.8,26.8,134.7,21.3,0.3,51,0
9,154.9,69.9,23.2,49.2,29.6,0.159,30,1
5,75.2,79.1,17.0,23.2,48.3,1.089,21,0
2,135.2,56.6,23.2,37.0,33.2,0.078,30,0
5,113.2,62.1,49.5,1.6,31.8,0.39,30,1
2,101.5,87.4,15.6,59.4,30.2,0.145,21,0
2,127.1,94.8,38.1,56.3,40.9,0.312,32,1
5,122.9,78.4,10.7,59.6,25.4,0.385,30,1
2,95.8,66.4,6.8,292.1,38.5,0.71,40,1
5,94.4,64.6,69.1,193.9,30.1,0.27,53,0
1,72.2,79.4,28.1,14.1,26.8,0.376,45,0
3,130.5,73.3,28.5,36.8,30.4,0.928,30,1
3,82.1,37.7,28.9,44.1,31.7,0.927,21,0
1,121.1,79.9,41.1,35.8,28.5,1.512,61,1
2,139.4,52.6,26.1,128.2,39.8,0.17,33,0
5,127.4,42.1,32.2,59.4,26.8,1.528,33,1
2,98.6,37.3,4.1,67.9,33.0,0.297,32,1
5,149.2,64.9,34.8,153.4,35.8,1.065,35,0
2,108.4,49.7,16.4,131.2,32.9,0.689,31,0
5,79.6,24.8,30.1,11.3,37.4,0.258,26,1
1,112.2,62.2,0.0,100.1,29.0,1.326,26,0
5,139.2,59.7,29.5,45.7,36.4,0.988,32,1
4,100.1,66.2,0.0,27.9,36.6,0.121,27,1
6,148.2,57.1,15.9,4.1,38.8,0.276,25,1
8,97.1,103.8,0.0,53.4,18.8,0.625,34,1
3,101.3,78.8,29.5,35.1,35.6,0.101,30,0
4,88.6,59.5,21.0,23.2,38.3,0.354,49,0
2,142.2,67.8,8.4,94.9,29.1,0.813,21,0
7,119.3,95.9,41.5,117.4,28.2,0.354,45,1
4,90.6,87.2,6.6,22.5,27.1,0.454,46,0
5,108.7,42.5,0.0,4.1,24.8,0.771,21,0
5,44.0,50.5,27.7,151.1,36.7,0.533,29,0
5,145.1,54.1,0.0,0.8,48.0,0.352,28,1
4,115.7,60.6,7.0,221.3,28.1,1.054,21,0
3,46.4,57.7,12.2,79.0,28.7,0.42,24,0
4,75.8,69.6,0.0,31.1,32.1,0.386,21,1
5,107.9,83.0,12.6,22.6,20.8,1.041,52,0
1,80.3,86.2,0.0,0.7,27.1,0.548,43,0
8,145.6,62.8,22.4,21.5,31.6,0.15,46,0
2,134.0,37.9,1.6,11.9,25.7,0.168,40,1
5,132.1,49.2,20.5,75.8,40.4,0.211,21,1
1,44.0,59.1,37.4,14.6,22.9,0.797,27,0
3,104.7,45.3,31.7,60.2,38.3,0.738,38,1
1,99.4,90.7,18.8,71.4,42.3,0.448,21,0
4,91.4,46.6,5.2,28.3,34.7,0.17,40,1
5,108.1,80.7,22.4,2.9,31.0,0.291,30,1
5,86.1,37.0,9.6,3.0,33.7,0.97,28,0
3,127.7,81.5,23.0,2.1,28.9,0.345,40,1
4,144.8,66.4,0.0,107.5,18.2,0.333,37,1
4,142.1,97.7,32.1,30.6,25.1,0.226,29,1
9,116.7,47.5,20.5,127.3,31.9,0.814,45,1
5,183.0,58.3,53.1,45.2,25.4,0.198,21,1
4,156.3,62.0,39.6,48.3,29.1,0.667,39,1
4,117.9,66.1,28.5,57.5,35.4,0.26,39,1
6,106.0,62.4,18.1,99.9,33.0,0.58,29,0
2,162.5,62.8,9.1,25.6,39.4,0.481,36,1
4,152.2,62.5,34.1,10.4,34.1,0.371,21,1
7,77.3,29.6,16.6,65.0,34.5,0.299,43,1
3,154.7,87.9,37.5,31.7,27.0,0.518,30,1
5,116.2,122.0,26.0,46.7,22.7,0.477,27,1
6,94.3,74.7,26.1,83.3,29.1,0.236,44,0
5,59.6,47.4,28.9,54.5,26.9,0.879,25,0
2,112.7,49.3,6.2,77.5,30.8,0.749,21,1
5,120.6,80.7,4.7,62.9,24.5,0.173,21,1
7,170.2,76.3,4.1,107.7,37.9,0.193,39,1
6,150.7,63.6,35.7,97.9,26.9,0.078,21,1
2,102.9,83.3,5.8,61.1,29.5,0.698,52,1
6,133.1,29.8,7.7,90.9,31.9,0.31,21,1
3,146.6,83.3,28.1,165.4,39.9,0.393,51,1
5,123.7,73.5,16.2,45.3,44.3,0.186,35,1
4,102.8,50.1,14.3,42.6,44.8,0.394,31,1
2,104.5,41.8,13.0,115.6,23.0,0.497,27,0
5,132.9,71.3,0.0,69.9,29.4,0.115,37,1
5,133.8,95.7,5.5,5.9,28.1,0.489,32,1
6,111.9,64.7,37.7,178.1,34.6,0.47,45,1
1,44.0,52.8,11.9,2.5,34.2,1.008,34,0
2,81.0,72.6,0.0,110.4,27.9,0.511,34,0
4,140.2,103.6,4.9,113.8,27.4,0.168,29,1
3,54.9,77.2,25.4,244.8,25.0,0.182,32,0
2,157.7,79.2,25.1,4.5,18.2,0.466,36,1
3,153.1,92.2,15.6,72.7,22.9,0.302,21,1
2,122.3,78.0,9.7,44.7,38.1,0.661,21,1
1,139.5,54.2,0.0,32.1,42.3,0.11,41,0
1,137.4,35.9,25.5,7.6,41.4,0.72,34,0
7,117.4,51.5,32.6,66.2,38.4,0.454,30,1
7,78.4,48.0,39.3,52.2,24.9,1.025,33,0
4,151.0,81.5,3.3,8.8,23.7,0.362,36,1
0,164.6,84.2,40.5,75.8,19.3,0.175,27,1
4,83.5,72.3,19.2,107.1,27.9,0.159,24,0
0,77.3,44.9,20.4,116.6,32.6,0.511,35,0
2,116.8,102.9,33.4,188.6,24.9,0.13,22,0
1,101.6,61.1,11.9,42.1,35.0,1.519,37,1
4,125.5,80.5,0.0,244.7,36.6,0.351,21,0
3,158.4,69.9,30.6,160.5,28.7,1.1,44,1
2,51.4,73.0,25.2,28.1,22.6,0.079,38,0
2,170.0,79.8,14.6,13.9,41.7,0.078,35,1
3,108.4,55.8,29.3,45.7,32.2,0.213,43,0
2,136.9,93.8,32.4,41.1,45.6,0.536,51,1
4,140.2,39.0,0.0,68.6,32.6,0.434,44,0
3,143.8,49.3,20.3,70.0,33.1,0.242,21,1
7,122.9,93.6,0.0,110.9,25.2,0.53,21,1
4,130.2,80.2,18.1,57.1,29.0,0.325,26,1
3,130.0,117.3,14.4,8.9,21.1,0.134,33,0
5,101.5,70.3,27.4,156.3,22.6,1.213,38,1
2,66.5,101.3,3.9,29.7,37.2,0.078,25,0
4,83.2,33.7,13.7,284.1,30.0,0.482,35,0
3,117.8,42.1,0.0,10.0,29.0,0.413,24,0
5,96.6,86.0,28.4,254.1,26.8,0.422,26,0
2,96.7,35.9,18.7,7.6,29.3,0.828,21,0
6,176.8,65.3,21.3,21.0,39.9,0.155,22,0
3,147.6,91.2,0.0,3.8,33.0,0.147,21,1
4,113.2,78.5,26.0,97.7,23.7,0.829,22,1
4,141.8,69.2,44.8,151.9,39.2,0.618,44,1
5,108.0,60.5,17.2,45.5,44.1,1.058,22,1
4,124.4,72.8,29.8,211.1,35.5,0.338,61,1
2,134.7,80.0,6.9,71.4,38.2,0.33,38,0
3,108.1,56.4,18.8,79.5,40.5,0.769,35,1
2,99.8,76.1,0.0,149.4,20.4,0.959,23,0
1,158.9,89.5,31.8,28.2,45.0,0.136,40,1
2,140.0,64.8,22.4,35.0,39.7,1.464,26,1
4,51.1,70.3,1.7,189.1,35.4,0.274,34,1
5,100.3,78.2,8.0,185.0,31.1,0.479,61,1
6,96.8,79.5,20.9,300.0,22.6,0.611,31,0
3,101.7,85.7,33.9,185.7,29.7,0.843,45,1
5,147.7,49.7,42.2,10.9,35.1,0.683,25,1
8,121.6,59.0,18.0,138.9,24.3,0.429,32,1
9,77.9,59.7,0.0,42.2,31.5,0.678,52,0
1,109.1,51.8,23.6,375.1,23.7,0.3,26,0
5,137.8,34.8,46.8,51.1,29.3,0.254,52,1
4,114.2,24.0,0.0,64.6,22.5,0.418,40,0
6,101.0,91.7,5.7,60.4,21.8,0.925,26,1
5,131.3,39.5,29.2,31.1,34.4,0.601,39,1
1,171.2,98.8,22.3,6.2,27.9,0.28,43,1
2,135.3,83.0,11.8,180.8,28.6,0.379,39,1
5,161.3,61.3,23.3,129.8,27.6,0.797,21,1
6,103.1,80.7,34.7,12.0,51.1,0.496,25,1
4,120.7,77.1,18.5,120.0,36.3,0.452,30,1
5,120.1,48.1,17.2,78.6,37.0,0.459,32,1
4,124.7,68.7,28.8,42.1,26.6,0.143,39,1
4,134.7,50.4,15.9,23.4,35.5,0.078,34,0
1,92.5,81.4,37.1,157.1,30.4,0.862,21,0
8,141.1,55.4,50.4,96.4,26.5,0.416,37,0
2,70.5,67.2,6.6,63.5,45.5,0.469,39,0
4,79.6,66.3,1.2,75.2,36.0,0.288,39,1
7,187.2,71.3,25.6,7.6,35.7,1.07,44,1
5,105.2,100.6,0.7,51.4,25.2,0.267,42,0
3,143.6,64.4,0.5,17.2,23.1,0.323,38,0
3,173.6,92.1,0.0,18.7,31.6,0.85,32,1
6,49.3,78.1,14.3,86.6,28.0,0.274,21,0
2,155.9,95.9,19.5,193.8,36.3,0.474,37,1
2,141.1,62.6,12.2,41.4,36.8,0.117,35,1
3,171.9,82.2,40.9,18.6,32.5,0.188,35,1
5,84.4,67.9,39.7,83.7,37.8,0.099,21,1
1,166.0,24.0,48.9,164.0,33.4,0.432,21,1
3,98.1,48.3,20.7,110.4,25.9,0.453,44,1
3,153.7,80.1,37.8,162.5,30.6,0.474,32,1
1,119.9,78.8,24.6,61.5,33.0,0.332,40,1
2,144.9,44.4,23.1,111.5,38.5,0.347,33,1
4,122.5,73.2,13.0,12.1,33.6,0.234,33,1
4,64.0,78.6,0.0,34.3,28.0,0.299,43,0
2,44.0,68.3,29.6,39.5,38.8,0.123,27,0
8,127.5,82.8,37.3,57.3,34.7,0.529,34,1
5,112.8,80.3,0.0,211.7,42.8,0.706,27,1
5,133.3,68.3,19.9,165.9,32.6,0.356,28,1
4,113.2,59.3,34.9,11.6,24.7,0.348,29,0
3,183.6,88.8,14.6,15.2,40.2,0.433,35,1
5,128.1,77.8,37.9,35.4,28.0,1.051,27,0
5,107.1,42.8,17.9,27.5,34.1,0.38,46,0
5,131.5,73.2,12.1,76.3,33.3,0.406,23,0
3,107.7,47.1,38.8,186.5,32.3,1.838,30,1
2,123.9,50.7,6.0,262.2,30.8,0.338,28,0
3,83.3,56.6,9.1,84.8,20.4,0.519,48,0
2,120.7,69.9,6.6,145.7,25.0,0.503,35,0
2,106.2,76.1,2.9,59.6,39.9,0.304,44,0
1,86.2,61.2,22.3,18.7,35.0,0.544,21,0
5,182.2,62.1,12.3,59.5,45.4,0.106,35,0
6,87.4,59.4,27.3,64.8,24.7,0.347,42,0
6,121.2,88.9,0.0,108.5,31.8,0.184,33,0
3,96.1,24.0,3.2,19.9,40.1,0.554,44,0
6,130.2,63.1,20.8,36.7,28.0,0.089,27,0
5,81.5,98.4,42.0,36.2,28.6,0.641,48,1
5,147.1,78.8,25.7,256.4,29.9,0.078,58,1
1,184.1,93.1,11.2,47.0,28.9,0.529,29,1
3,95.0,30.3,0.0,112.6,35.7,0.158,28,1
2,158.7,45.4,10.3,111.2,19.5,0.243,48,1
4,109.2,78.8,19.4,24.7,43.5,0.334,50,1
3,167.7,98.5,0.0,67.9,25.3,1.103,27,0
2,188.8,47.3,1.8,179.8,18.2,0.156,28,1
8,113.8,61.6,8.9,51.6,31.9,0.391,29,1
5,73.9,76.6,16.1,232.2,29.4,0.903,21,0
3,150.4,41.4,19.2,19.3,30.8,0.405,22,0
5,128.0,78.9,10.8,6.2,34.2,0.587,21,1
5,136.6,24.0,27.6,177.6,36.5,0.819,24,1
2,110.5,78.4,21.9,150.5,43.8,0.238,32,0
3,93.6,50.1,14.4,392.4,27.2,0.263,35,0
5,157.0,60.5,29.7,91.0,37.4,0.154,50,1
4,130.9,81.4,28.4,220.8,37.0,0.91,22,0
2,76.2,77.5,0.0,140.3,18.2,1.217,43,0
1,142.3,68.8,19.5,148.9,26.2,0.115,30,1
0,136.1,87.4,33.4,67.4,23.0,0.488,32,1
4,110.9,36.7,35.9,38.5,35.1,0.241,40,1
1,171.2,72.9,25.6,218.1,34.4,0.253,21,0
0,101.8,54.0,16.5,45.3,34.5,0.611,37,1
8,115.8,86.4,26.3,61.9,29.9,0.417,34,1
7,144.8,82.1,32.1,47.3,30.6,0.571,38,1
3,123.4,82.7,21.7,66.6,31.8,1.194,36,1
3,78.1,100.3,23.4,50.9,29.2,0.506,60,0
3,126.7,90.4,16.3,3.9,37.4,0.626,25,1
2,108.2,66.0,0.0,171.0,24.5,0.798,27,1
5,147.6,69.0,17.4,47.0,26.5,0.221,26,0
3,125.7,80.4,9.8,71.1,32.8,0.669,26,1
2,123.9,71.6,9.9,12.0,29.4,0.248,25,0
5,88.5,82.4,41.5,0.3,24.2,0.128,46,0
3,113.9,26.6,34.3,22.5,35.7,0.538,48,1
6,151.1,104.7,0.0,97.6,28.0,0.142,26,0
5,96.9,70.2,3.7,8.4,26.1,0.419,23,0
4,120.0,38.2,14.5,191.7,30.8,0.349,38,1
5,92.0,51.6,10.4,19.4,25.7,0.995,26,0
2,84.3,28.5,24.8,18.3,31.8,0.141,39,0
6,118.4,48.3,1.3,16.0,29.5,0.508,35,0
5,126.4,66.3,34.4,1.1,28.4,0.202,21,0
6,182.8,97.8,19.3,118.2,28.5,0.089,50,1
6,106.9,76.8,14.9,166.4,39.0,0.078,52,1
2,119.4,73.4,19.8,76.2,34.6,0.146,26,1
1,82.2,47.4,13.7,16.7,20.0,0.14,28,0
3,140.0,53.3,0.0,26.9,38.2,0.078,36,1
4,133.3,54.8,20.2,51.7,35.6,0.732,36,1
6,167.1,55.6,15.2,246.9,35.2,0.868,40,1
3,155.5,62.3,5.7,22.7,38.2,0.212,55,1
2,131.9,63.8,36.5,105.2,32.1,0.28,31,1
3,106.4,62.6,30.0,46.3,36.3,0.329,24,0
2,127.3,56.2,56.6,28.3,28.7,0.797,21,0
3,117.6,71.6,32.5,48.7,37.9,0.808,24,1
2,150.6,63.0,10.3,5.9,33.5,0.501,32,1
4,146.6,38.7,6.4,128.2,22.4,0.489,52,1
4,111.8,69.7,12.6,22.3,39.3,0.261,27,0
6,75.7,66.8,10.0,103.4,31.1,0.078,35,1
2,162.3,39.0,21.6,5.7,30.1,0.319,32,1
1,139.0,57.8,0.0,248.3,28.9,0.905,46,1
4,111.1,80.3,29.7,17.2,29.4,0.23,60,0
6,137.8,47.4,21.4,171.5,33.6,0.297,27,1
6,123.3,45.4,28.0,132.6,25.1,0.687,27,0
6,161.9,62.8,2.8,275.0,21.0,0.286,44,1
1,61.2,80.8,23.7,52.0,24.5,0.329,40,0
3,108.7,103.4,39.5,104.0,34.7,0.698,53,1
3,170.6,81.5,7.1,37.1,30.9,0.078,39,1
7,138.5,89.6,6.7,16.3,39.8,0.137,29,0
6,176.0,75.6,30.7,46.8,31.5,1.295,39,1
3,83.1,56.0,5.5,14.5,37.9,0.695,45,1
4,154.2,81.4,16.5,321.6,27.2,0.76,42,1
1,152.4,67.4,42.1,8.1,29.0,0.492,38,0
4,68.9,76.2,6.9,71.2,32.1,0.538,44,1
4,111.8,51.0,43.2,78.8,31.0,0.237,45,0
1,117.7,77.9,15.0,61.8,30.3,0.318,48,1
2,70.8,66.7,3.2,86.8,25.9,0.776,40,1
6,112.5,73.4,29.1,9.9,20.9,0.27,31,0
4,148.1,67.4,21.6,64.8,36.4,0.23,34,1
2,108.9,63.7,20.2,27.1,35.6,0.39,46,0
6,128.5,78.2,8.5,225.3,27.7,0.494,24,0
5,128.7,61.3,21.5,114.9,34.7,0.944,37,1
1,120.6,38.8,0.0,287.5,30.8,2.096,28,1
3,99.1,33.4,23.3,3.1,39.7,0.173,33,0
5,141.4,72.5,39.5,26.9,22.8,0.64,47,0
3,71.8,60.5,0.0,17.4,31.1,0.424,35,0
5,121.3,36.1,13.9,0.9,30.6,0.078,33,0
2,164.0,71.0,6.9,22.2,33.1,1.088,21,1
5,107.1,67.2,0.0,90.8,42.8,0.29,41,0
6,98.5,59.5,0.0,21.0,31.1,0.276,40,1
2,143.5,73.7,2.3,56.9,37.2,1.088,56,1
5,126.1,94.0,16.4,175.0,31.0,0.38,29,0
2,144.1,93.4,37.2,94.7,39.5,0.879,35,0
3,122.2,71.7,0.0,40.2,37.3,0.329,35,1
1,47.0,67.4,24.4,37.3,29.7,0.577,50,0
2,157.6,72.0,23.3,48.7,29.2,0.361,31,1
3,185.2,74.9,45.1,15.6,35.4,0.199,36,1
3,160.8,63.9,28.6,80.4,27.4,0.59,39,0
6,44.0,72.3,29.4,36.2,33.3,0.688,35,1
1,135.0,39.1,30.5,153.0,29.5,0.4,28,0
5,106.5,70.5,6.1,113.0,34.6,0.078,35,1
6,87.4,78.1,11.4,75.4,30.9,0.141,44,0
6,124.8,59.7,36.8,36.2,27.2,0.259,21,0
3,116.4,67.2,0.0,18.9,39.7,1.031,34,1
4,136.8,47.9,9.8,119.7,33.7,0.384,25,1
5,122.8,45.2,0.0,53.3,31.6,1.019,46,0
4,86.3,73.0,23.5,20.4,34.9,0.807,21,0
4,103.1,55.1,13.7,17.4,20.3,0.275,26,0
4,98.1,35.2,29.4,14.5,46.6,0.465,37,1
4,67.8,47.9,18.4,120.1,32.2,0.701,50,1
5,78.5,50.6,0.0,20.8,18.3,0.208,32,0
2,114.5,83.7,0.0,59.8,40.4,0.664,26,1
3,165.1,72.4,19.9,48.1,26.7,0.608,53,0
2,104.4,52.4,8.4,69.3,39.3,0.198,21,1
1,97.5,57.8,12.0,167.7,32.9,0.568,21,0
8,84.4,93.9,34.1,161.8,21.0,0.369,37,0
1,121.9,86.8,31.4,48.0,33.8,0.113,27,1
9,157.6,47.8,47.0,1.2,33.3,0.259,21,1
2,183.1,91.1,15.3,44.5,40.1,0.251,40,1
6,129.8,67.5,10.4,74.6,35.7,1.155,35,1
6,125.3,84.2,26.3,65.3,23.3,0.144,26,0
1,104.2,65.9,11.6,84.3,39.0,0.23,21,1
5,109.3,91.5,12.1,13.4,29.1,0.531,42,0
4,140.5,47.0,17.0,83.2,44.0,0.417,40,1
3,111.2,64.1,44.8,16.1,29.5,0.342,31,1
0,116.0,92.1,30.6,111.1,30.5,0.337,53,1
5,120.2,24.0,32.1,33.1,26.2,0.766,21,0
8,102.7,68.1,44.1,99.0,28.5,0.202,21,1
2,118.7,61.5,33.5,3.9,26.7,0.154,25,0
3,58.4,82.0,3.0,41.9,40.2,0.078,32,0
6,138.0,89.3,33.3,97.7,22.7,0.27,35,1
1,193.9,82.9,35.2,20.6,37.6,0.119,30,1
5,103.9,73.6,29.8,126.9,37.8,0.311,36,0
4,132.6,69.8,17.1,79.7,41.6,0.078,21,1
2,147.4,62.5,28.2,70.9,32.3,0.307,48,1
8,160.7,73.0,19.7,34.9,24.8,0.501,32,1
3,112.8,96.7,5.3,52.7,30.8,0.386,45,0
0,65.1,53.2,9.1,72.8,36.2,0.624,36,0
4,129.3,61.4,30.6,51.2,32.6,0.86,38,1
6,125.0,67.6,6.4,95.9,34.6,0.491,39,0
1,110.3,88.0,7.8,45.5,41.6,0.394,37,1
0,116.9,73.2,31.3,18.1,36.1,0.543,40,0
3,125.5,87.7,22.0,19.3,33.4,0.504,47,1
5,132.2,88.6,28.7,0.5,19.1,0.705,35,1
3,130.9,80.2,1.6,28.6,26.5,0.414,40,0
6,114.3,48.8,28.2,110.6,29.2,0.13,32,1
4,132.9,100.6,10.1,126.5,18.2,0.831,48,1
7,112.2,95.8,4.7,18.1,24.2,0.078,25,1
2,140.9,70.2,12.4,255.6,30.1,0.664,52,0
6,101.5,42.7,40.4,55.8,31.3,0.534,32,1
3,123.3,39.4,14.5,199.1,35.5,0.544,21,1
3,70.7,73.8,53.0,98.1,30.6,0.423,34,0
4,109.5,55.7,0.0,102.5,33.7,0.222,25,0
4,138.6,36.4,0.0,7.1,29.1,0.367,42,1
4,89.0,39.0,39.9,19.9,32.3,0.913,25,0
5,111.1,60.1,43.6,0.7,35.2,0.557,28,1
5,46.4,72.7,7.0,100.7,42.3,0.561,21,0
3,78.6,95.7,21.0,33.8,28.4,0.929,28,0
0,86.7,78.2,30.7,123.6,33.0,1.003,21,0
4,124.2,61.8,16.6,33.1,38.1,0.685,21,1
3,131.3,76.2,22.2,136.9,21.9,1.39,41,0
2,119.3,74.5,20.2,11.2,46.0,0.554,41,1
5,109.1,83.1,0.0,15.2,40.3,0.684,37,1
6,109.2,68.2,14.8,33.3,20.0,0.79,22,0
8,143.2,88.7,20.2,42.0,34.6,0.97,32,1
4,127.6,84.7,21.5,34.3,28.0,0.183,32,1
2,110.6,70.6,0.0,115.4,29.2,0.12,21,0
0,161.1,66.7,31.3,8.2,34.5,0.139,49,1
4,181.4,86.5,21.9,34.6,39.4,0.272,42,1
3,82.4,55.4,4.2,145.2,28.7,0.809,30,0
4,137.2,40.4,47.0,5.5,28.8,0.331,33,1
4,199.0,40.3,14.8,228.3,34.6,0.369,35,1
4,129.7,53.9,15.8,343.3,36.0,0.12,21,0
6,124.6,81.5,29.6,7.4,25.0,0.134,30,0
3,119.3,61.0,48.3,27.5,44.1,0.265,25,0
3,136.2,72.9,30.2,37.3,27.5,0.213,21,0
3,144.4,59.6,32.4,119.8,38.8,0.695,29,1
3,82.4,59.7,5.0,72.5,35.2,0.12,52,0
4,120.2,49.5,21.3,82.7,36.2,0.149,40,1
3,50.6,67.3,12.0,113.3,27.6,0.502,26,0
4,114.5,65.7,30.6,10.0,19.9,0.335,39,0
