age,bp,sg,al,su,rbc,pc,pcc,ba,bgr,bu,sc,sod,pot,hemo,pcv,wbcc,rbcc,htn,dm,cad,appet,pe,ane,target
59,70,1.015,1,0,0,0,0,0,167.1,108.6,1.2,128.4,5.7,9.5,30,12341,3.2,0,1,0,0,0,0,1
48,70,1.005,0,0,0,0,0,0,171.8,76.4,8.2,134.3,8.1,13.6,42,5442,4.9,0,1,1,0,0,0,1
62,80,1.01,0,0,0,0,0,0,145.1,10.0,0.5,126.5,5.1,11.4,35,8865,4.2,0,1,0,1,0,0,1
76,80,1.015,2,0,0,0,0,0,70.0,10.0,0.4,132.2,2.5,13.8,43,10035,5.5,0,0,0,0,0,0,1
47,60,1.02,0,0,0,1,0,0,149.4,64.4,1.8,125.1,2.5,12.4,37,9682,4.3,0,1,0,0,0,0,0
47,100,1.02,5,2,0,0,0,0,243.6,48.4,4.8,118.7,2.5,12.7,37,5890,4.8,0,0,0,0,0,0,1
77,60,1.02,1,0,0,0,0,0,100.6,61.4,4.4,147.2,3.0,9.9,31,2200,3.6,1,0,1,0,0,0,1
64,80,1.015,0,0,1,1,0,0,180.5,56.2,7.6,124.0,4.1,15.4,47,9406,5.9,0,1,0,0,0,0,1
43,80,1.025,0,1,0,0,0,0,215.3,186.2,2.3,135.2,2.5,9.1,28,7957,3.4,0,0,0,0,0,0,1
60,90,1.015,0,0,0,0,1,0,76.1,10.0,0.4,144.5,9.0,9.3,31,6756,3.0,1,0,1,0,0,0,0
43,80,1.01,0,0,0,0,0,0,112.3,10.0,2.7,130.9,2.5,13.6,41,10615,4.3,0,1,0,1,0,0,1
43,90,1.02,0,0,0,0,0,0,70.0,73.6,4.5,128.7,8.6,17.1,53,8269,6.2,0,0,0,0,0,0,0
55,70,1.01,0,1,1,0,0,0,83.0,38.2,0.4,139.3,8.2,11.5,34,4574,3.9,0,0,0,0,0,0,0
18,90,1.015,0,0,1,1,0,0,70.0,72.8,0.6,148.2,7.3,14.5,45,2798,4.9,0,0,0,0,1,0,0
21,60,1.02,2,0,0,0,1,0,76.9,86.2,0.4,125.3,2.5,15.6,49,5126,5.2,0,0,0,1,1,1,1
41,90,1.025,1,3,0,0,0,0,260.1,121.2,2.7,135.5,5.6,14.9,47,15339,5.4,0,1,0,0,0,0,0
33,80,1.02,2,0,1,0,0,0,75.7,10.0,6.5,119.7,2.5,11.6,34,10496,4.6,0,0,0,0,1,0,1
56,90,1.02,0,1,1,0,0,0,158.0,29.2,3.3,133.1,7.3,9.3,27,8946,3.2,1,0,0,1,0,0,1
35,80,1.025,0,3,0,0,0,0,108.3,78.4,12.1,137.3,4.4,6.1,20,7873,2.4,0,0,0,0,0,0,1
26,80,1.01,1,0,0,1,1,0,241.1,95.5,0.4,128.5,3.4,11.7,36,7682,4.1,0,0,0,0,1,1,0
75,80,1.015,0,0,0,0,0,0,251.6,166.7,7.0,132.4,2.5,15.9,47,11784,5.3,0,0,0,0,0,0,1
47,80,1.015,0,0,1,0,0,0,216.3,104.8,5.0,122.9,2.5,9.2,31,6977,3.5,0,0,0,0,0,0,1
52,60,1.015,2,0,0,0,0,0,172.2,54.2,1.1,137.8,2.5,14.5,41,10073,4.9,1,0,0,0,1,0,0
26,60,1.015,2,0,0,0,1,0,129.7,12.5,10.9,147.6,7.9,9.7,31,7389,3.5,0,0,0,0,0,0,1
41,70,1.025,1,0,0,0,0,0,70.0,28.8,1.0,126.0,3.4,12.8,37,14026,4.5,1,0,0,0,0,0,1
52,70,1.02,0,2,0,0,0,0,301.5,27.4,6.6,130.8,4.1,14.6,49,10552,5.5,0,1,0,1,0,0,1
31,90,1.02,2,0,0,0,0,0,88.0,89.8,6.4,142.0,6.6,10.6,29,12012,3.5,1,1,0,0,1,0,1
57,70,1.015,1,0,1,0,0,0,200.4,69.8,4.3,149.1,9.0,13.0,42,6705,4.8,0,1,0,0,1,1,1
40,110,1.02,2,1,0,0,0,0,231.7,10.0,2.5,122.1,8.6,11.3,34,11468,3.8,0,0,1,0,0,0,0
46,70,1.025,2,3,0,0,0,0,104.1,35.2,0.4,135.3,2.5,14.5,44,7493,5.0,1,0,0,0,1,0,0
40,70,1.02,2,0,0,1,0,0,230.0,100.9,2.3,139.8,2.5,13.2,41,8719,3.6,1,1,0,0,0,0,1
82,90,1.005,1,4,0,0,0,0,208.4,74.6,1.3,136.0,9.0,12.7,40,13141,5.2,0,0,0,0,1,0,1
50,80,1.02,0,0,0,0,0,0,284.5,85.4,4.7,112.2,9.0,17.0,50,5375,6.2,1,1,0,0,0,0,1
33,80,1.01,1,1,0,0,0,0,110.9,76.1,4.3,142.0,5.2,14.4,43,8989,4.9,0,1,0,1,0,0,1
64,80,1.015,1,0,0,0,0,0,70.0,138.3,7.2,152.2,2.5,10.5,33,9670,3.4,0,1,0,1,0,1,1
30,80,1.01,2,0,0,0,0,0,108.1,68.8,0.4,138.2,7.5,12.3,34,9908,4.2,0,1,0,0,0,0,1
54,70,1.02,0,0,0,0,1,0,164.5,37.7,5.0,126.7,4.3,12.3,36,7092,4.6,1,1,0,1,0,0,1
17,120,1.02,0,0,0,0,0,0,152.6,11.2,8.4,131.9,4.3,12.7,45,14450,4.0,1,1,0,0,0,0,1
28,110,1.01,3,0,1,0,0,0,116.9,69.5,4.7,154.7,7.3,17.8,53,4644,6.3,0,0,0,0,0,0,1
54,80,1.015,2,0,1,0,0,0,70.0,10.0,0.4,146.1,5.6,13.6,44,12630,5.4,0,1,1,0,1,0,1
63,70,1.02,3,0,0,0,0,1,185.2,47.8,0.4,143.4,2.5,6.6,19,11923,2.1,0,0,1,1,0,0,1
53,80,1.015,2,2,0,0,0,0,303.8,46.7,0.4,140.6,3.6,10.9,34,13912,3.9,0,1,0,0,0,0,0
49,60,1.01,1,0,1,0,0,0,184.7,10.0,3.0,130.4,6.6,6.9,22,3794,3.1,0,0,0,0,0,0,1
45,60,1.015,1,0,0,0,0,0,196.1,10.6,3.0,135.0,6.1,11.5,37,5880,4.3,0,0,0,1,1,0,1
25,70,1.02,3,0,1,0,1,0,193.2,97.5,13.0,136.2,5.4,6.7,20,12726,2.4,0,1,0,0,0,1,1
38,80,1.01,1,0,1,0,0,0,179.4,68.5,1.5,142.5,7.4,10.0,34,2956,3.7,0,0,0,0,1,0,1
43,90,1.01,1,1,0,0,0,0,221.6,62.1,1.2,152.1,3.5,8.1,23,3741,2.8,0,1,0,0,1,0,1
68,80,1.015,0,1,0,1,0,0,179.2,72.3,2.9,148.2,5.1,13.6,42,6983,5.2,1,0,0,0,0,0,1
56,80,1.025,0,0,1,0,0,1,123.3,61.6,5.2,122.8,2.5,12.5,39,8956,4.3,1,1,0,1,0,0,1
21,70,1.02,2,0,0,0,0,0,85.1,119.1,8.3,139.2,3.3,13.4,39,13017,4.2,0,1,0,0,0,0,1
56,70,1.02,0,0,0,0,0,0,128.3,63.2,4.9,144.4,6.9,12.2,37,7862,4.2,0,1,0,0,1,0,1
44,70,1.015,0,0,0,1,0,0,172.8,10.0,1.7,143.2,3.4,8.5,26,6636,2.7,0,0,0,0,0,0,1
39,110,1.02,0,1,0,0,0,0,123.0,138.5,3.0,130.7,3.2,14.0,42,9303,4.9,0,0,0,0,0,0,1
61,60,1.005,0,0,0,0,1,0,172.8,75.5,5.8,163.0,2.5,17.8,54,9761,6.3,1,1,0,0,0,0,1
68,90,1.02,0,0,0,0,0,0,182.7,27.5,2.0,124.2,7.6,13.7,40,9679,5.3,1,0,1,0,0,0,1
66,80,1.025,0,0,1,0,0,0,213.8,10.0,0.7,126.2,6.2,11.3,37,7883,4.2,1,0,0,0,0,0,0
36,70,1.02,3,0,0,0,0,0,249.3,76.8,0.6,139.3,7.1,8.4,27,2730,3.1,0,0,0,0,0,0,1
45,80,1.025,1,3,0,0,0,0,154.2,51.1,0.4,158.2,2.5,9.9,30,5738,3.5,0,0,0,0,0,0,0
56,80,1.02,0,0,0,1,0,0,70.0,135.7,3.8,128.6,4.1,13.8,41,12518,4.6,0,0,0,0,0,1,0
67,90,1.01,0,0,0,1,0,0,120.7,39.7,0.4,134.3,3.8,15.6,46,8942,4.9,1,0,0,0,1,0,0
42,100,1.025,1,0,0,0,1,0,151.5,15.1,0.8,147.8,3.8,13.3,40,7464,4.8,1,0,0,0,1,0,0
47,70,1.01,0,0,1,0,1,0,70.0,101.8,1.1,136.8,2.8,14.8,42,11642,5.5,0,1,0,1,1,0,1
32,70,1.02,2,0,1,1,0,0,257.7,103.3,2.5,133.7,3.6,14.6,43,5122,5.2,0,0,0,0,0,0,1
30,80,1.01,1,0,0,0,0,0,159.2,65.4,1.5,142.7,7.1,14.0,40,7746,4.8,1,1,0,1,0,0,1
64,100,1.005,2,0,0,0,0,0,178.1,90.8,3.4,139.7,2.5,10.6,35,8799,3.9,0,0,0,1,1,0,1
74,70,1.015,0,0,0,0,0,0,255.9,55.1,0.4,147.3,9.0,13.0,41,7120,4.6,1,0,0,0,1,0,1
49,80,1.015,1,0,0,0,0,0,98.2,68.7,0.4,149.9,6.1,10.0,32,8692,4.1,1,0,0,0,1,1,1
68,80,1.02,0,0,0,0,0,0,193.3,115.2,2.1,140.1,4.5,12.6,40,7855,4.9,0,0,0,0,0,0,1
57,80,1.02,3,0,0,0,0,0,139.3,88.3,1.2,139.9,7.3,13.5,42,4341,5.1,1,0,0,0,0,0,0
40,70,1.005,1,0,1,0,0,0,133.5,48.5,1.1,139.1,2.5,17.4,54,8926,6.4,1,1,0,0,0,1,0
57,80,1.01,0,0,0,0,0,0,87.0,124.6,0.4,141.9,2.6,8.7,25,4547,2.7,1,0,0,0,0,0,1
77,100,1.02,0,0,0,0,0,0,279.6,10.0,6.8,137.6,4.2,13.9,43,8880,5.2,0,1,0,0,1,0,1
50,70,1.015,0,0,0,0,0,0,118.3,159.6,3.5,137.0,8.7,16.8,53,12384,6.1,0,0,0,0,0,0,1
77,70,1.02,1,0,0,1,1,0,203.3,10.0,0.4,149.0,4.5,14.7,42,7585,5.4,0,0,0,1,1,0,0
12,110,1.02,0,0,0,0,0,0,70.0,25.6,0.4,152.2,6.0,14.9,52,5002,5.5,0,0,1,0,0,0,0
64,70,1.02,1,0,0,0,0,0,241.2,55.0,11.1,121.9,2.8,14.2,44,8031,5.2,0,1,0,1,0,0,1
52,90,1.02,0,0,0,1,0,0,231.1,49.7,3.4,137.1,6.1,16.3,50,5987,6.6,0,0,0,0,0,0,0
45,80,1.015,1,0,0,1,0,0,155.7,107.3,1.6,130.1,9.0,9.3,31,10124,3.3,1,1,0,0,0,0,1
52,70,1.02,2,0,0,0,0,0,130.1,10.0,3.6,133.9,7.6,8.5,28,7970,3.3,0,0,0,0,0,0,1
17,90,1.015,2,0,0,0,0,0,179.6,70.0,4.2,141.0,4.4,12.5,38,13358,4.3,0,0,0,1,0,0,0
47,70,1.015,2,0,0,0,0,0,328.8,28.1,4.5,143.7,6.6,6.2,19,11772,2.5,0,0,1,0,0,0,1
57,80,1.02,0,1,0,1,0,0,70.0,71.8,1.9,135.9,6.3,16.1,46,7956,6.0,1,1,0,0,0,0,1
76,70,1.015,0,0,1,1,0,0,209.8,53.8,1.7,117.9,6.1,16.0,48,10475,5.8,1,1,0,1,0,0,1
42,80,1.02,1,0,0,1,0,0,76.0,61.6,0.4,127.3,7.9,11.2,35,7259,4.5,0,0,0,0,1,0,0
37,70,1.02,0,0,0,0,0,0,146.4,29.5,7.8,146.0,7.9,11.4,36,8498,3.8,1,1,0,0,0,0,0
42,70,1.025,0,0,0,0,0,0,128.4,31.5,2.8,109.6,4.2,12.3,40,7351,4.2,0,0,0,1,0,0,1
66,110,1.025,0,0,0,0,1,0,114.2,71.4,0.7,148.9,6.5,12.7,39,10622,4.6,0,1,0,1,0,0,0
56,70,1.015,0,0,0,0,0,0,147.2,104.2,7.6,142.2,3.5,12.9,37,12555,4.9,1,1,0,0,0,0,1
41,80,1.015,0,1,0,0,0,0,70.0,27.1,7.4,150.2,2.5,14.1,45,10716,5.1,1,1,1,0,0,0,0
59,70,1.02,3,0,0,0,0,0,229.3,13.6,13.6,135.0,3.8,12.0,40,11073,4.7,0,1,0,1,0,1,1
52,90,1.015,0,3,0,0,0,1,70.0,87.7,6.2,116.4,4.4,15.2,48,11076,5.2,1,0,0,1,1,0,0
67,70,1.02,1,0,1,0,1,0,190.6,55.4,15.0,141.3,2.5,13.8,42,9998,4.6,1,1,0,0,0,0,1
39,110,1.02,0,0,0,0,0,0,122.2,98.5,0.8,149.7,7.2,10.7,35,5096,3.9,0,0,0,1,0,0,0
45,80,1.02,1,0,1,0,0,0,70.0,11.7,5.5,146.2,2.5,16.4,54,13332,5.8,0,0,0,0,0,0,1
44,70,1.015,0,0,0,0,0,0,164.0,10.0,5.2,130.4,9.0,8.6,26,13632,3.2,0,0,0,0,0,1,1
26,60,1.01,3,0,0,0,0,0,70.0,30.3,0.8,137.9,9.0,12.2,35,7721,4.3,0,0,0,0,0,1,1
56,70,1.015,3,0,1,1,0,1,151.1,18.7,0.4,131.7,3.8,15.3,46,7324,5.4,0,0,0,0,0,0,0
55,80,1.01,0,0,0,0,0,0,70.0,53.1,11.7,128.8,4.6,10.4,33,10175,3.7,1,0,0,0,0,0,1
51,70,1.025,3,3,0,1,0,0,184.4,25.2,1.1,146.6,5.5,13.4,38,9997,4.8,0,0,0,0,0,0,0
47,90,1.015,5,1,0,0,0,0,75.0,94.1,6.1,125.0,2.8,14.1,44,7814,4.9,1,0,0,0,0,0,1
26,70,1.01,2,0,0,0,0,0,112.4,42.6,0.4,128.1,5.2,10.0,31,4774,3.5,0,1,0,0,1,0,1
43,70,1.005,2,0,0,0,0,0,171.2,64.5,0.4,126.0,4.2,12.3,41,9286,4.3,0,0,0,0,0,0,1
45,80,1.02,0,0,0,0,0,0,87.0,64.9,1.9,122.1,4.3,12.0,39,9999,4.5,0,1,0,1,0,0,1
37,80,1.02,1,0,1,1,0,1,143.4,66.7,0.8,138.5,5.1,10.9,35,10504,4.0,0,0,0,1,1,0,1
48,70,1.015,0,0,0,0,0,0,70.0,55.8,3.5,148.6,2.5,17.8,50,9412,7.0,0,0,0,0,0,0,0
57,70,1.01,0,0,1,1,0,0,197.8,82.5,2.5,135.2,4.7,10.3,33,7613,3.7,1,0,0,1,0,0,1
83,60,1.015,5,0,1,0,0,0,287.4,17.2,0.4,121.9,5.1,15.4,49,11282,5.3,0,0,0,0,1,0,0
53,80,1.015,0,0,0,1,0,0,368.6,127.0,0.5,145.4,5.0,11.4,35,8590,4.9,0,0,0,0,0,0,0
55,80,1.02,2,4,0,0,0,0,155.2,45.2,1.5,153.9,4.0,9.3,25,7051,3.4,1,0,0,1,0,0,1
49,80,1.02,2,0,1,1,0,0,210.3,10.0,0.6,130.5,8.0,12.8,38,7876,4.9,0,0,0,0,1,0,1
18,90,1.015,3,3,1,0,0,0,70.0,66.4,4.7,132.2,3.5,14.4,42,3336,5.3,0,0,0,0,1,0,1
50,90,1.015,5,0,0,0,1,0,266.7,14.4,1.6,142.2,5.3,15.2,43,7871,5.6,0,1,0,0,0,0,1
52,80,1.025,0,0,0,0,0,0,209.3,90.3,0.4,153.2,8.5,17.0,52,10396,6.2,1,0,0,0,0,0,1
90,90,1.02,0,0,0,1,0,0,109.8,167.5,2.0,131.8,4.4,17.8,53,9385,6.0,0,0,1,0,0,0,0
47,70,1.02,0,0,0,0,0,0,245.7,17.7,0.4,123.7,5.2,13.2,46,12809,4.8,0,0,0,1,0,0,0
56,70,1.01,0,0,0,0,0,1,127.9,73.6,0.4,143.3,4.3,10.6,32,7637,3.4,0,0,0,0,0,0,1
50,70,1.02,0,0,0,1,0,0,111.8,10.0,0.8,145.0,8.3,13.8,45,9813,4.9,1,1,0,1,0,0,0
31,60,1.005,0,0,0,0,0,0,185.6,79.7,5.9,137.1,3.8,11.7,33,10698,4.0,0,0,0,1,1,0,1
70,80,1.02,2,0,0,0,0,0,70.0,12.7,7.8,131.4,8.5,15.2,46,15194,5.5,1,0,0,0,0,0,0
63,100,1.025,1,0,0,0,0,0,228.7,25.8,5.3,146.9,4.3,8.7,27,8819,3.2,1,0,0,0,1,0,1
64,60,1.015,0,0,0,0,0,0,70.0,10.0,1.2,142.3,2.5,17.8,53,5371,6.5,0,0,0,0,0,0,0
35,70,1.005,1,0,0,1,0,0,70.0,93.6,1.0,129.3,6.6,15.0,45,10858,5.4,1,0,0,0,0,1,1
74,80,1.005,0,0,0,1,0,0,76.1,107.4,2.4,137.5,3.7,7.6,23,13810,2.5,1,1,0,0,0,0,1
27,100,1.015,0,0,0,0,0,0,208.0,58.2,3.8,123.5,6.5,10.4,31,7464,3.6,0,0,0,1,0,0,1
60,70,1.01,2,0,0,1,0,0,99.3,13.8,15.0,143.9,2.5,14.9,49,10839,5.6,0,0,0,0,0,0,1
88,80,1.005,1,3,0,0,0,0,70.0,136.5,0.4,134.4,4.6,15.9,50,11963,6.0,0,0,0,0,1,0,1
34,60,1.02,2,0,1,0,0,0,100.2,19.5,0.4,132.6,3.2,8.8,28,11349,2.8,0,0,0,0,0,0,0
41,70,1.02,0,0,0,0,0,0,145.5,10.0,3.6,136.7,2.5,14.6,46,8764,4.8,1,0,0,0,0,1,1
52,110,1.015,2,0,0,0,0,0,70.0,79.9,5.4,137.4,2.9,6.9,22,6374,2.2,0,0,0,0,0,0,1
42,110,1.025,1,0,0,0,0,0,70.0,10.0,5.6,145.9,2.9,12.2,37,8164,4.7,0,0,0,1,0,0,0
24,50,1.01,1,0,1,1,0,0,314.8,106.4,3.4,142.9,4.5,15.7,48,9729,6.0,1,0,0,1,0,0,1
52,100,1.025,1,0,0,1,0,1,80.0,37.9,9.2,135.4,2.5,10.9,34,11033,3.6,0,0,1,0,1,0,1
32,80,1.015,3,0,0,0,0,0,122.5,87.2,2.1,144.6,5.5,8.1,27,9368,3.0,0,0,0,0,0,1,1
59,90,1.025,1,0,0,0,0,0,119.0,127.1,7.4,141.0,8.7,12.9,42,7298,5.2,1,0,1,0,0,0,1
35,80,1.02,1,0,0,0,0,0,114.7,10.0,10.3,132.7,5.4,10.7,32,10010,3.9,0,0,0,0,1,0,1
77,80,1.02,5,0,0,1,0,0,197.1,28.7,5.6,135.8,7.0,14.3,45,10894,5.5,1,0,0,0,0,0,1
37,80,1.025,2,0,0,1,0,0,222.9,53.2,1.1,135.5,7.9,9.9,30,9500,3.8,0,0,0,0,0,1,1
45,80,1.015,0,2,0,0,0,0,123.8,133.9,0.7,142.1,8.3,10.3,31,5975,3.4,0,1,0,0,0,0,1
64,70,1.025,2,0,0,1,0,1,70.0,24.1,2.4,133.3,9.0,6.6,19,7873,2.3,0,1,0,0,0,0,1
30,60,1.015,0,0,0,0,0,0,248.7,27.3,1.8,133.1,3.1,13.0,39,11148,4.7,0,1,0,0,0,0,1
54,70,1.015,0,0,0,0,0,0,140.5,80.9,6.3,156.7,2.5,12.0,39,4389,4.3,1,1,0,0,0,0,1
73,80,1.015,1,0,1,0,0,0,284.7,28.1,0.4,146.4,7.0,9.1,28,2329,3.5,1,1,0,0,0,0,1
23,70,1.02,3,5,0,0,0,0,70.0,64.6,0.9,129.4,6.7,13.1,40,12773,4.8,1,1,0,0,0,0,0
54,80,1.01,3,0,1,0,0,0,163.4,10.0,4.2,142.7,6.9,15.5,45,9883,4.7,0,1,1,0,0,0,1
55,110,1.02,0,1,0,0,0,0,299.6,167.7,0.4,138.2,9.0,11.9,36,10159,3.9,1,1,0,0,0,0,0
64,60,1.02,1,1,0,0,0,0,120.1,10.0,1.2,140.9,4.6,13.3,40,5277,4.1,1,0,0,1,1,0,0
29,80,1.02,0,0,0,0,0,0,130.2,40.9,1.5,138.4,5.9,13.3,39,10538,4.8,0,0,0,0,1,0,0
28,70,1.02,5,0,1,0,0,0,171.3,55.4,2.9,148.9,2.5,9.0,27,9198,3.3,1,1,1,0,0,0,1
59,90,1.015,4,0,0,0,0,0,103.9,152.6,0.5,140.5,9.0,17.8,54,3805,6.4,0,0,0,1,0,1,0
56,70,1.015,1,3,0,0,0,0,123.3,10.0,5.9,136.4,3.6,11.1,34,12530,3.7,0,1,1,0,0,0,1
55,80,1.015,2,0,0,1,0,0,121.3,156.2,1.8,147.4,3.7,14.4,44,8860,5.3,1,0,0,0,0,0,1
56,90,1.01,2,0,0,0,0,0,98.4,94.9,7.5,139.3,3.6,14.7,43,7251,5.5,1,0,0,0,1,0,1
39,100,1.01,1,0,0,0,0,0,245.1,77.9,1.9,138.2,2.7,12.1,36,7303,3.9,0,1,0,0,0,0,1
54,80,1.015,0,0,0,0,0,0,184.4,10.0,1.0,140.1,2.5,14.3,44,2555,4.7,0,1,0,0,0,0,1
55,80,1.015,0,0,0,1,0,0,167.8,85.6,0.5,136.1,3.0,13.2,43,10120,4.7,1,0,0,0,0,0,0
38,80,1.025,1,0,0,1,0,0,211.9,20.8,0.4,137.1,2.5,8.4,26,9159,3.5,1,1,0,0,0,0,1
82,90,1.02,1,1,0,0,0,0,127.1,120.3,2.3,131.1,2.5,11.5,34,7837,4.6,0,1,0,0,0,0,1
59,80,1.015,0,1,0,0,0,0,86.8,10.0,0.4,129.5,9.0,10.7,33,12107,4.0,0,0,0,1,0,0,0
30,60,1.02,3,1,0,1,0,1,100.4,51.3,1.5,127.0,6.8,11.2,38,4386,3.8,0,0,0,0,0,0,1
62,100,1.01,0,0,0,0,1,0,148.1,29.2,2.7,123.1,7.4,8.7,28,6669,3.4,1,0,0,0,0,0,1
34,80,1.015,1,0,0,0,0,0,70.0,10.0,1.0,128.2,8.1,15.8,50,5934,5.5,0,0,0,0,0,0,0
64,80,1.02,1,0,0,0,0,0,108.5,94.1,0.6,135.3,9.0,17.1,54,7591,5.9,0,0,0,1,0,0,0
70,70,1.02,1,0,1,0,0,1,107.2,83.8,4.5,138.0,2.5,15.3,50,8595,4.8,0,0,0,1,0,0,1
37,80,1.015,1,0,1,0,0,0,315.8,117.5,8.8,134.3,2.5,16.2,52,9647,5.8,1,0,1,0,1,0,1
67,70,1.025,0,0,1,0,0,1,70.0,10.0,0.4,113.4,2.5,11.5,36,7393,3.9,0,1,0,0,0,0,0
58,80,1.025,0,0,0,0,0,0,133.8,110.2,0.5,152.7,3.2,10.7,35,5855,3.9,1,0,0,0,1,0,1
64,70,1.02,1,5,0,1,1,0,284.3,182.3,9.7,147.9,3.7,10.2,29,13289,3.0,0,0,0,0,0,0,1
83,80,1.02,1,0,0,0,0,0,157.6,34.4,0.4,141.5,3.3,14.4,41,15393,5.2,0,0,0,0,0,0,1
46,120,1.02,0,0,0,1,0,1,207.5,151.8,11.4,156.1,5.3,13.2,41,8815,4.0,1,1,0,0,0,0,1
38,60,1.015,2,0,0,0,0,0,155.9,43.8,0.4,127.2,4.7,12.3,38,6205,4.7,1,1,0,1,0,0,1
35,110,1.015,0,0,0,0,0,0,95.3,10.0,6.2,155.9,2.5,16.3,49,12678,6.0,1,0,0,0,1,0,1
37,70,1.005,1,0,1,0,0,0,70.0,41.7,1.1,127.3,2.5,13.7,44,4204,4.8,1,1,0,0,0,0,1
49,90,1.02,2,3,1,1,0,0,164.2,109.4,8.4,139.4,2.5,10.1,27,7429,3.8,1,1,0,0,0,0,1
56,90,1.02,0,1,0,1,0,0,86.7,15.1,1.1,124.3,3.0,10.5,31,6381,3.5,1,1,0,0,1,0,1
55,80,1.015,0,2,0,0,0,0,84.8,27.0,3.2,137.1,3.9,14.5,43,5037,5.2,1,1,1,0,0,0,1
65,80,1.025,2,5,0,1,0,0,108.6,86.7,0.4,140.9,2.5,15.5,44,7587,5.8,0,0,1,0,0,0,0
51,90,1.025,1,0,0,0,0,0,285.8,57.2,0.8,135.5,3.1,14.1,46,5893,4.1,0,0,0,1,0,0,0
75,70,1.02,1,0,0,1,0,0,338.0,86.2,4.5,144.1,2.5,17.8,52,8436,6.2,0,0,0,0,0,1,0
46,70,1.02,2,0,0,0,0,0,165.2,68.9,2.3,138.0,4.2,17.2,52,8478,6.1,1,0,0,1,0,0,1
90,80,1.025,2,0,0,1,0,0,111.3,81.0,7.9,131.8,2.5,13.8,44,6598,4.9,0,0,0,0,0,1,1
61,90,1.01,4,0,0,0,0,0,70.0,35.4,1.7,131.3,2.5,10.1,32,7325,4.0,1,1,0,0,1,0,1
36,90,1.02,1,0,0,0,0,0,185.0,68.6,6.1,145.1,2.5,8.7,24,7730,2.8,0,0,0,0,1,0,1
32,90,1.01,0,0,0,0,0,0,288.8,10.6,1.8,130.5,4.1,11.4,36,10748,3.9,0,1,0,0,0,0,1
59,70,1.02,0,0,0,0,0,1,128.5,121.4,11.6,146.2,2.5,14.7,46,7969,4.7,0,0,0,0,0,0,0
47,90,1.015,0,0,1,0,0,0,70.0,25.3,9.6,149.2,7.3,17.8,54,10791,6.8,0,0,0,0,0,0,0
63,70,1.025,1,0,0,0,0,0,200.9,113.4,1.2,120.3,5.8,13.7,43,10098,4.8,0,0,0,0,0,0,0
59,80,1.025,0,0,0,0,0,0,225.8,45.3,6.5,148.3,4.4,15.9,49,10057,5.5,0,0,0,1,0,0,1
49,50,1.01,3,0,0,0,0,0,70.0,67.1,5.6,157.6,2.5,11.8,34,12424,4.2,1,1,0,0,1,1,1
36,70,1.02,1,0,0,0,0,0,161.9,32.3,0.7,139.5,5.7,14.3,42,5153,5.3,0,1,1,0,0,1,0
25,70,1.025,1,0,1,0,0,0,183.6,10.0,2.9,143.0,6.7,14.9,44,7027,5.4,0,0,0,0,0,0,0
43,70,1.02,0,0,0,1,0,0,142.2,10.0,0.4,147.4,5.0,6.8,23,13513,3.2,0,1,0,0,0,1,1
65,80,1.025,0,0,0,0,1,0,85.5,10.0,5.4,134.2,9.0,11.3,35,7653,4.2,1,1,0,0,0,0,1
54,70,1.02,0,0,0,0,0,0,228.3,40.8,0.6,138.8,6.0,15.3,48,2200,5.3,0,0,0,1,0,0,0
29,70,1.015,0,0,1,0,0,0,116.1,67.6,0.4,123.9,7.3,13.3,44,7811,4.6,1,1,0,0,0,0,1
53,70,1.015,0,0,0,0,0,0,70.0,107.5,1.5,138.4,5.0,9.0,23,8791,3.1,0,0,0,0,0,0,1
57,70,1.015,1,0,0,0,0,0,70.0,34.7,2.6,142.0,6.6,5.5,19,2200,2.1,0,0,0,0,0,1,1
35,70,1.02,3,0,0,0,0,0,247.6,12.9,5.8,142.2,2.5,11.4,35,12268,4.1,1,1,0,0,0,0,1
53,60,1.015,3,0,0,0,0,0,196.7,10.0,11.0,147.7,3.2,12.3,39,6330,4.6,1,0,0,1,0,1,1
51,80,1.02,1,0,0,1,0,0,154.9,81.0,1.7,129.3,5.6,9.9,29,9352,3.4,0,0,0,0,1,1,1
31,80,1.02,0,0,0,0,0,1,113.2,126.2,0.4,131.7,5.6,12.9,38,7744,4.4,0,0,0,0,0,0,0
57,80,1.02,3,0,0,0,0,1,106.2,120.3,4.1,156.0,6.1,14.0,44,4663,5.5,0,1,0,0,0,0,1
60,80,1.025,3,0,1,0,0,0,70.0,92.5,2.5,135.5,7.9,14.4,49,5295,4.7,0,1,0,0,0,0,1
69,70,1.025,0,0,0,0,0,0,113.9,88.9,1.8,139.0,2.5,5.7,19,5688,2.1,1,0,1,0,0,0,0
68,90,1.015,2,0,0,1,0,0,70.0,141.9,1.1,136.3,2.5,8.7,29,11548,2.8,0,0,0,0,1,0,1
27,80,1.02,0,0,0,0,0,0,89.9,73.6,2.1,128.8,5.3,11.6,35,7972,3.7,0,0,0,0,0,0,1
35,80,1.02,2,0,0,0,0,0,123.4,89.3,1.2,153.2,2.5,14.2,42,6886,5.2,0,1,0,1,1,0,1
59,60,1.02,5,0,0,0,0,0,196.2,41.0,4.2,131.7,9.0,13.9,41,5689,4.9,1,0,0,0,0,1,1
59,70,1.025,0,0,0,0,0,1,144.8,10.0,2.4,125.7,6.1,13.9,42,11868,4.9,1,1,0,1,0,0,1
59,70,1.015,3,0,0,0,0,0,210.8,22.8,6.3,132.5,4.4,11.4,31,12646,4.4,1,1,0,0,0,0,1
90,70,1.01,1,0,0,1,1,0,254.6,56.5,2.4,117.0,3.1,11.5,34,11835,3.9,0,1,0,0,0,0,1
60,80,1.025,4,0,0,1,0,0,231.6,60.0,0.8,130.5,3.2,10.4,31,9828,3.9,0,0,0,0,0,0,0
70,80,1.015,0,0,0,1,0,0,185.2,153.3,5.7,127.3,4.7,14.7,45,9240,5.7,0,0,0,0,1,0,1
67,80,1.02,2,0,0,1,0,0,148.9,61.1,2.4,143.2,4.9,9.8,30,4873,3.4,0,0,1,0,0,0,1
62,90,1.025,0,3,0,0,1,0,70.5,115.9,0.7,130.3,3.2,15.0,47,7687,5.6,0,0,0,0,0,0,0
45,90,1.01,0,0,0,0,0,0,206.5,35.2,2.9,145.9,3.8,13.1,40,6416,4.6,0,1,0,0,0,0,0
63,80,1.025,0,0,1,1,1,0,280.7,41.4,1.3,151.0,8.6,12.4,37,3106,4.7,0,0,0,1,0,0,0
37,100,1.015,4,0,1,1,0,0,175.0,10.0,5.6,144.8,8.8,10.6,28,11465,3.3,1,0,0,0,0,0,1
46,50,1.02,2,0,0,1,0,0,299.5,19.9,1.8,134.8,5.4,8.6,25,6382,2.6,0,1,0,0,0,0,1
42,70,1.02,3,0,0,0,0,0,70.0,83.3,3.9,138.4,2.5,10.6,30,11868,3.7,0,0,0,0,0,0,1
52,50,1.025,3,0,0,0,0,0,70.0,57.4,0.4,121.8,6.2,11.5,36,10957,3.8,0,0,0,0,0,0,1
90,80,1.005,0,0,1,1,0,1,215.6,104.1,1.5,135.7,9.0,5.6,19,10014,2.1,0,1,0,1,0,0,1
19,90,1.02,0,2,0,0,0,0,168.9,66.1,12.3,128.4,8.7,11.9,38,10177,4.2,0,0,0,0,0,1,1
62,70,1.02,0,0,0,1,0,0,251.8,39.4,5.0,143.9,6.8,15.2,48,6615,5.6,0,1,0,1,0,0,1
23,100,1.02,0,0,0,0,0,0,146.8,164.4,0.5,162.7,8.9,14.1,43,13787,4.9,0,1,0,1,1,0,1
42,60,1.02,0,1,1,0,0,0,79.4,52.3,1.0,142.0,4.8,11.1,33,8525,3.7,0,1,0,0,1,0,1
69,100,1.01,0,0,0,0,0,0,131.1,115.2,1.2,117.1,6.5,12.6,37,9275,4.4,0,0,0,0,0,0,0
52,70,1.015,0,2,0,1,0,0,70.0,36.9,3.2,133.4,2.6,10.9,30,6517,3.7,0,0,0,0,0,0,1
32,70,1.015,0,0,0,0,0,0,70.0,92.5,4.2,138.2,5.5,12.9,41,5699,4.3,0,0,0,0,0,0,0
38,80,1.02,0,1,0,0,0,0,224.8,103.4,4.2,137.9,8.6,17.0,52,9784,5.6,0,0,0,0,0,0,0
62,70,1.015,0,0,0,1,0,0,217.0,67.4,2.1,129.7,2.8,15.3,44,9030,5.5,0,1,0,0,1,0,1
38,70,1.015,4,0,0,0,0,0,176.7,10.0,5.0,139.5,2.5,14.0,41,6110,4.8,1,0,0,0,0,0,1
54,70,1.025,2,2,0,1,0,0,70.0,57.9,1.7,124.6,4.9,11.1,32,4228,4.3,0,0,0,0,1,0,0
51,90,1.005,4,0,0,0,0,0,119.7,118.5,0.4,127.6,3.9,14.7,45,4717,4.8,0,1,0,0,0,1,1
39,80,1.025,0,0,0,1,0,0,70.0,83.4,2.5,143.5,6.5,7.6,25,11868,2.6,1,1,1,0,0,0,1
87,70,1.02,0,0,0,0,0,0,240.9,79.3,9.1,126.8,3.2,11.8,35,6621,4.8,1,0,0,0,0,1,0
61,80,1.02,2,0,0,1,0,0,101.9,10.0,4.7,142.4,9.0,14.2,39,7417,4.8,1,0,0,1,0,0,1
16,80,1.015,0,0,0,1,0,0,70.0,21.0,2.6,123.3,2.5,14.6,44,12605,5.1,1,0,0,0,0,0,1
54,70,1.005,0,0,0,0,0,0,150.4,77.6,3.1,154.6,8.4,14.4,44,5145,4.8,0,1,0,0,0,0,1
39,70,1.02,0,0,0,0,0,0,97.4,77.5,8.0,129.3,2.5,13.4,41,6291,4.4,0,0,0,0,0,0,1
65,70,1.02,0,0,0,0,0,0,265.2,117.7,1.7,134.8,2.5,11.9,35,6170,4.7,1,1,1,0,0,0,1
37,70,1.02,0,0,0,0,0,0,89.9,49.8,1.2,140.3,5.3,14.1,44,13092,5.1,1,0,0,1,1,0,1
49,80,1.01,0,0,1,1,0,0,70.0,77.3,11.3,131.3,3.8,9.7,30,14180,3.5,0,1,1,0,0,0,1
59,70,1.02,1,0,0,0,0,0,70.0,57.8,6.0,138.4,2.5,10.1,31,10579,3.1,1,0,0,1,0,0,1
65,80,1.02,0,0,0,0,0,0,145.6,10.0,1.2,142.8,2.5,12.7,40,10671,4.6,0,1,0,0,1,0,1
30,80,1.02,0,0,0,0,0,0,103.6,10.0,1.9,146.6,4.6,13.0,39,6716,5.0,0,1,0,1,1,0,1
45,70,1.02,2,0,0,1,0,0,70.0,78.6,1.6,144.9,7.5,7.2,21,14047,2.9,1,0,1,0,0,0,1
42,80,1.02,0,0,1,1,0,0,241.9,65.7,0.5,135.3,6.4,13.8,45,9176,5.1,1,1,0,1,0,0,1
39,70,1.02,0,0,1,0,1,0,200.7,26.1,9.5,135.5,4.8,14.7,46,10874,4.9,1,1,0,1,0,0,1
81,110,1.01,3,0,0,0,0,0,145.8,10.0,1.6,160.5,6.0,12.3,39,8093,4.5,1,1,0,0,0,0,1
57,80,1.02,0,1,0,0,0,0,255.8,88.5,6.2,146.5,4.5,17.8,54,7622,6.6,0,0,0,1,0,0,1
29,90,1.01,0,0,0,0,0,0,200.3,43.7,0.6,127.8,2.5,10.5,33,13222,3.2,0,0,0,0,0,0,1
66,80,1.015,0,0,0,0,0,0,83.0,84.8,2.4,138.0,2.5,11.5,37,9965,3.8,1,1,0,0,0,0,1
87,60,1.015,0,0,0,0,0,0,70.0,150.2,0.4,133.6,4.0,11.4,32,12608,4.3,0,1,0,0,0,0,1
68,80,1.01,1,0,0,0,0,0,212.6,10.0,4.3,135.6,4.1,12.3,38,9140,4.7,0,0,0,1,0,0,0
25,100,1.015,2,2,0,0,1,0,179.3,22.0,2.6,124.7,7.2,11.5,35,5939,3.6,0,1,0,0,0,0,1
42,80,1.01,0,0,0,0,0,0,161.4,46.5,2.9,132.9,6.9,8.4,29,6708,3.2,0,0,1,0,0,0,1
72,90,1.02,1,0,1,0,0,0,81.1,129.7,0.4,155.1,6.4,10.9,35,8698,3.9,0,1,0,0,0,0,1
38,90,1.025,1,2,0,0,0,0,196.0,10.0,0.7,142.8,3.8,12.2,36,6583,4.6,1,0,0,1,0,1,0
58,70,1.01,0,0,1,1,0,0,88.3,153.8,0.4,112.1,2.5,16.1,50,5188,5.6,0,0,0,0,0,0,1
64,70,1.025,1,0,0,0,0,0,139.9,63.8,1.0,149.2,5.8,17.8,54,11884,6.6,0,0,0,0,0,0,0
35,80,1.02,0,0,0,0,0,0,262.3,52.2,3.0,147.9,6.2,16.4,51,6819,6.1,1,0,0,0,0,0,1
49,70,1.015,0,0,0,0,0,0,95.8,47.1,2.5,133.4,2.5,10.3,29,8800,3.6,0,0,0,0,0,0,1
12,90,1.01,0,2,0,1,0,0,70.0,35.2,2.8,144.2,2.5,10.5,33,9258,3.8,1,0,0,0,0,0,0
33,100,1.02,0,5,0,1,0,0,70.0,109.4,2.4,128.4,2.5,12.0,36,6694,4.1,0,0,0,0,0,0,0
46,70,1.02,0,0,0,0,0,0,226.5,10.0,1.0,132.3,5.0,17.7,54,12607,6.8,1,0,0,0,0,0,0
29,70,1.02,2,0,1,0,0,0,168.1,74.3,0.8,152.0,2.5,12.0,35,5160,4.2,0,1,0,1,0,1,1
78,90,1.01,0,1,0,0,0,0,137.8,37.8,0.4,134.3,4.5,8.7,25,9158,2.8,0,0,0,0,1,0,0
26,70,1.01,0,0,0,0,0,0,107.8,18.9,5.7,118.3,4.0,11.0,36,9113,3.7,1,0,0,0,0,0,1
43,90,1.015,0,0,1,0,0,0,186.3,186.3,2.9,136.4,4.1,14.7,43,8242,5.3,1,0,0,0,0,0,1
53,70,1.015,2,2,0,0,0,0,80.9,78.0,0.6,136.2,2.5,14.5,42,4638,5.4,0,1,0,0,1,0,0
75,80,1.015,1,0,0,0,1,0,172.1,87.7,0.6,149.0,2.7,11.9,36,10925,3.8,1,1,0,0,1,0,1
26,60,1.015,1,0,0,0,0,0,90.2,113.9,6.2,137.1,2.5,14.5,43,10556,5.7,0,0,0,0,0,0,0
70,80,1.02,2,0,1,0,0,0,77.1,10.0,4.1,132.8,5.7,5.9,16,6440,2.2,1,1,0,1,0,0,1
51,80,1.025,3,1,1,0,0,0,97.6,144.6,3.2,147.5,6.3,12.8,39,10451,4.7,0,1,0,0,0,0,1
34,80,1.015,0,0,1,0,0,0,118.3,10.0,1.6,138.2,2.5,15.0,43,9487,5.3,0,0,0,0,0,0,0
58,70,1.025,1,0,0,0,0,0,144.1,18.6,0.9,129.5,9.0,10.1,29,4686,3.6,0,1,0,0,0,0,0
54,80,1.015,2,0,1,0,0,0,166.6,34.0,11.7,148.5,3.7,10.1,35,5923,3.6,0,0,0,0,1,0,1
40,90,1.02,4,0,0,1,0,0,70.0,86.1,4.8,138.9,9.0,7.1,22,11701,2.8,0,0,0,0,0,0,1
52,70,1.015,3,0,0,0,0,0,84.2,67.9,1.1,137.0,2.7,17.1,51,9297,6.1,0,0,0,1,0,0,0
44,60,1.02,0,0,0,0,0,0,117.1,48.7,5.6,138.8,2.5,10.4,33,6763,3.9,0,0,0,0,0,0,1
52,60,1.025,0,0,0,1,0,0,266.9,56.4,4.3,126.3,5.8,13.2,42,5910,4.6,0,0,0,0,1,0,0
62,80,1.02,0,0,1,0,0,0,70.0,10.0,1.1,131.7,5.3,14.3,46,6905,5.2,0,0,0,1,0,1,0
77,80,1.015,2,3,1,0,1,0,160.9,10.0,1.7,137.0,4.7,16.9,52,7111,5.8,1,0,0,0,0,0,1
29,80,1.02,0,0,0,0,0,0,266.1,93.3,0.6,135.1,2.7,12.1,39,5946,4.7,0,0,0,0,0,1,1
87,70,1.01,0,2,0,1,0,0,70.0,91.7,0.4,149.7,4.5,10.9,29,3348,3.6,1,0,0,0,0,0,1
17,70,1.025,2,0,0,1,0,0,179.1,136.2,3.8,139.2,3.1,13.0,38,11706,4.5,1,0,0,0,0,0,1
48,80,1.02,0,0,1,0,0,0,84.6,17.5,0.9,145.5,3.7,16.2,50,11214,5.7,1,0,0,0,0,0,0
61,80,1.015,3,0,0,0,0,0,108.1,91.6,5.1,137.1,7.1,12.0,37,4707,4.2,1,1,0,0,0,0,1
55,110,1.02,0,0,0,0,0,0,84.6,42.8,15.0,147.6,5.2,9.7,28,8795,3.7,0,0,0,0,0,0,1
40,70,1.02,0,3,0,0,0,0,90.2,116.5,0.4,141.0,6.4,8.0,25,5783,2.8,0,0,0,1,0,0,0
47,80,1.01,0,0,0,0,0,0,363.0,108.1,1.9,137.1,3.9,9.0,26,7641,3.6,0,0,0,1,0,1,1
42,70,1.02,2,0,0,0,0,0,214.7,67.6,4.9,136.9,3.6,15.0,45,7400,5.1,0,0,0,0,1,0,1
40,70,1.015,0,0,1,0,0,0,235.0,40.0,4.7,127.5,2.5,11.6,38,7159,4.2,1,0,0,1,0,1,1
65,80,1.02,0,0,0,1,0,0,186.9,105.0,4.3,142.1,3.5,10.7,34,14208,3.6,0,0,1,0,0,0,1
57,80,1.02,4,0,0,0,0,0,70.0,89.3,1.3,136.6,2.5,10.4,30,7123,3.8,0,1,0,1,0,1,1
39,120,1.02,0,0,0,0,0,0,179.2,22.8,1.8,132.0,2.8,12.7,37,6056,4.5,1,0,0,0,0,0,1
66,70,1.02,1,0,0,0,0,0,232.8,10.0,2.7,148.1,4.4,11.8,35,6188,4.2,0,0,1,0,0,0,1
56,70,1.02,1,0,1,1,0,0,80.6,42.6,10.9,124.5,6.3,11.7,36,11426,4.5,0,0,0,0,0,0,1
64,80,1.01,0,0,0,0,0,0,224.3,132.8,1.2,132.8,3.8,16.4,49,3608,5.7,0,1,0,0,0,1,0
61,80,1.02,1,0,0,0,1,0,203.6,114.3,7.7,147.3,5.6,17.0,54,6188,6.2,1,1,1,0,0,0,1
36,70,1.015,0,0,0,0,0,0,294.3,10.0,0.9,140.2,2.5,7.8,24,12595,2.6,1,0,0,0,0,0,0
41,60,1.02,1,0,0,0,0,0,115.0,10.0,13.5,136.5,4.4,13.5,42,9107,4.9,0,0,0,0,1,0,1
63,60,1.015,0,0,0,1,1,0,70.0,120.7,3.3,139.5,2.5,10.2,29,8956,3.3,0,1,0,0,0,0,1
61,90,1.01,1,0,0,0,0,0,119.4,10.0,1.9,138.8,2.5,11.8,38,14583,4.0,0,0,1,0,0,0,1
50,70,1.02,0,0,0,0,0,0,261.4,82.5,2.9,121.8,4.0,13.4,35,9114,4.8,0,0,0,1,0,0,0
52,70,1.01,1,0,0,0,0,0,70.0,26.2,1.0,133.5,8.4,11.9,38,6346,4.8,1,0,0,0,0,0,0
72,70,1.02,0,2,0,0,0,0,70.0,137.9,1.0,153.2,5.7,13.2,42,7581,4.7,0,0,1,0,0,0,0
40,70,1.015,0,0,0,1,1,0,155.1,18.5,0.4,130.4,4.7,14.5,44,5107,5.7,0,1,0,0,1,0,1
60,60,1.005,0,0,0,0,0,0,113.0,114.2,0.4,133.8,4.5,13.4,44,12042,4.9,1,1,0,1,0,0,1
47,80,1.02,0,2,0,0,0,0,148.6,66.2,1.3,131.6,2.5,10.6,32,10066,3.7,1,1,0,0,0,1,1
47,60,1.005,2,1,1,0,0,0,222.7,69.6,4.3,136.1,3.0,10.7,33,11660,4.3,1,0,0,1,0,0,1
69,90,1.015,0,0,1,0,0,0,104.3,10.0,2.8,131.2,5.9,8.3,26,11917,3.1,0,0,0,0,1,0,1
65,70,1.02,3,3,0,1,0,0,70.0,10.0,0.4,141.9,2.5,10.0,37,7198,3.4,0,0,0,0,0,0,1
64,80,1.01,4,0,0,0,0,0,309.5,46.0,5.7,139.0,6.4,17.8,54,5660,6.5,0,1,0,0,0,1,1
73,90,1.02,1,0,0,1,0,0,70.0,69.3,2.8,144.7,3.4,10.2,33,8250,3.6,0,1,1,0,0,0,1
51,80,1.005,0,0,0,1,0,0,70.0,10.0,9.7,126.5,7.1,9.0,26,5868,2.6,0,0,0,0,0,0,1
62,80,1.015,0,0,1,0,1,1,235.2,10.0,3.3,133.6,7.5,13.4,41,8878,5.1,1,0,0,0,0,1,1
45,70,1.02,2,0,0,0,0,0,117.6,85.1,0.6,134.7,2.5,12.2,36,11683,4.7,1,0,0,0,0,0,1
56,70,1.015,0,0,0,0,0,0,143.0,85.1,1.9,141.6,2.9,11.9,38,7912,4.8,0,1,0,0,0,0,1
48,80,1.01,0,0,1,0,0,1,186.1,50.1,3.1,129.1,2.5,16.6,51,8834,6.1,0,0,0,0,0,0,0
52,120,1.015,1,1,1,0,0,1,233.6,96.0,0.4,146.2,2.5,14.1,41,8127,5.0,1,0,0,0,0,0,1
61,80,1.015,2,1,0,0,0,0,121.7,10.0,0.4,148.9,2.5,11.0,34,10727,4.2,1,0,0,0,0,0,1
37,80,1.02,2,0,0,0,1,0,268.1,39.2,0.4,127.1,9.0,11.3,33,6463,4.3,1,0,0,0,0,0,1
86,80,1.015,0,1,0,0,0,0,70.0,139.4,0.9,132.1,6.4,11.0,34,2200,4.4,0,1,0,0,0,0,1
33,80,1.02,1,1,0,0,0,1,208.0,60.4,1.7,131.7,9.0,15.0,44,9765,5.3,0,1,0,1,0,0,1
30,60,1.025,0,0,1,0,0,0,81.7,63.3,2.0,163.0,7.1,11.6,36,11264,4.1,1,1,0,0,0,1,1
70,80,1.015,0,0,1,0,0,0,256.4,172.3,0.4,132.7,2.5,7.3,24,9694,2.4,1,1,0,0,0,0,1
64,100,1.025,3,0,0,0,0,0,159.2,10.0,3.4,153.8,3.5,12.4,38,6543,4.6,0,0,0,1,0,0,1
61,70,1.015,0,3,0,1,0,0,94.8,96.8,2.7,124.3,6.4,8.0,24,5108,2.4,0,0,0,0,0,0,1
61,80,1.025,0,0,1,0,0,0,200.4,140.2,1.0,127.1,5.9,17.8,54,9834,6.6,1,0,1,0,0,0,0
50,70,1.01,0,0,0,1,0,0,218.6,40.8,0.4,130.1,2.9,9.7,31,8810,3.6,0,1,0,0,0,0,1
35,80,1.02,3,0,0,0,0,0,198.7,100.0,0.4,128.5,2.5,12.0,34,8035,4.5,1,0,1,0,0,0,1
52,60,1.02,2,0,0,0,1,0,70.0,10.0,1.5,134.3,9.0,13.2,41,13685,4.8,0,1,0,0,0,1,1
39,80,1.015,1,0,0,0,0,0,109.8,22.7,0.5,129.9,4.2,11.7,38,5654,4.6,1,0,0,0,0,0,1
67,90,1.02,2,0,0,0,0,0,147.7,76.2,1.4,128.8,3.6,11.7,37,13547,4.4,0,0,0,0,0,0,1
48,70,1.02,0,0,0,0,0,0,144.7,96.9,3.0,148.6,4.9,13.7,42,8492,4.7,0,1,0,0,0,0,1
36,80,1.005,0,1,0,0,0,0,207.2,113.0,2.4,149.2,3.9,16.9,53,3076,5.9,1,1,0,0,0,0,1
45,90,1.01,0,1,0,0,1,0,70.0,135.5,0.8,146.5,5.0,14.7,46,7880,5.0,1,0,0,1,0,0,1
58,100,1.02,0,0,0,0,0,0,174.4,53.6,1.3,142.2,8.5,16.8,53,11182,6.2,1,0,0,0,1,0,0
41,70,1.02,0,3,0,0,0,0,125.1,116.7,2.9,137.9,4.2,9.5,25,7341,3.1,0,1,0,0,1,0,1
37,70,1.025,3,0,0,1,0,0,81.8,39.9,5.9,132.0,2.5,13.4,38,4123,5.1,1,1,0,0,0,0,0
55,70,1.02,0,0,1,0,0,0,89.3,102.1,4.2,127.5,4.1,13.0,42,7922,5.0,0,0,0,0,1,0,1
55,120,1.025,0,0,0,0,0,0,131.1,67.4,2.4,140.6,3.2,13.5,38,5914,4.6,0,0,0,0,0,0,0
42,100,1.02,0,1,0,0,0,0,70.0,79.3,1.3,125.3,8.9,16.5,51,9826,5.8,1,0,0,0,1,0,0
42,80,1.015,0,3,0,1,0,0,92.6,78.2,1.4,127.1,8.1,11.9,36,10642,4.3,0,0,0,0,1,0,0
54,90,1.01,3,0,1,1,0,0,78.8,10.0,6.3,148.5,4.9,11.3,33,5336,4.3,0,1,0,0,1,0,1
26,80,1.02,0,1,0,0,0,0,190.1,10.0,0.4,156.0,2.5,14.0,44,6353,5.5,0,0,1,0,0,0,0
27,80,1.02,0,0,0,1,0,0,84.4,62.1,13.3,140.9,2.5,7.3,23,10594,2.1,0,0,0,0,0,0,0
38,60,1.005,2,0,0,0,0,0,131.0,10.0,3.3,148.1,4.6,11.8,40,5909,4.1,1,0,0,0,0,1,1
47,90,1.015,0,0,0,0,0,0,269.8,98.6,3.4,134.5,5.6,12.1,36,5261,4.2,1,0,0,0,0,0,1
56,70,1.025,0,0,0,1,0,0,226.6,100.6,0.4,123.6,3.5,9.8,33,4981,3.1,0,0,0,0,0,0,1
76,90,1.02,0,0,0,1,0,0,219.3,73.4,2.8,143.1,3.2,15.6,49,9420,5.4,1,0,0,0,1,1,0
65,90,1.015,1,1,0,0,0,0,108.5,10.0,2.0,142.7,2.8,9.4,27,9296,3.5,0,0,0,0,0,0,1
48,80,1.02,5,0,0,1,0,0,190.9,126.0,0.4,137.7,4.5,12.1,39,6416,4.2,0,0,0,0,0,1,1
50,60,1.015,2,0,0,0,0,0,129.5,158.9,1.0,134.6,2.5,13.4,42,8414,4.3,0,0,0,0,0,0,0
33,70,1.015,0,0,0,1,0,0,132.5,64.4,6.6,146.6,2.5,16.4,50,12828,6.7,0,0,0,0,0,0,1
50,70,1.015,2,0,0,0,0,0,180.4,82.5,2.4,127.1,2.7,12.5,39,5575,4.5,0,0,0,0,1,1,1
46,70,1.01,0,1,0,0,0,0,100.8,67.1,1.6,129.3,8.2,15.2,45,2739,5.5,1,0,0,1,1,0,1
56,60,1.02,0,0,0,0,0,0,265.9,83.5,0.4,126.9,2.5,14.5,43,9719,4.8,0,0,0,0,0,0,0
36,100,1.015,0,0,0,0,0,0,135.3,51.0,3.8,137.8,5.1,12.9,41,8079,4.7,0,0,0,0,0,0,1
59,80,1.02,0,1,0,0,0,0,196.9,55.3,3.6,126.1,5.3,9.3,28,6340,3.3,0,1,0,0,0,0,1
77,70,1.025,1,0,1,0,0,0,263.0,102.3,2.9,130.2,8.5,8.3,25,10291,2.4,0,1,0,1,0,0,1
49,70,1.015,1,0,1,0,0,0,229.5,174.3,2.1,129.9,8.4,12.8,40,10833,4.3,1,0,0,0,0,0,1
57,70,1.02,3,0,0,0,0,0,70.0,10.0,1.7,134.4,4.4,10.9,34,2200,4.1,0,1,0,0,0,0,1
62,80,1.02,1,0,0,0,0,0,183.1,51.8,2.7,122.1,3.2,15.2,44,6507,6.0,1,0,0,1,0,0,0
44,80,1.025,1,0,0,0,0,0,215.2,10.0,0.8,137.9,2.6,14.7,48,15120,5.4,0,0,0,0,0,0,1
54,100,1.015,0,0,1,0,0,0,218.5,136.6,8.5,149.5,3.9,12.0,37,10091,4.6,0,0,0,0,0,0,1
51,80,1.02,0,1,0,0,0,0,70.0,27.6,2.7,138.4,3.3,9.1,27,10360,3.2,0,0,1,1,0,0,1
52,120,1.02,1,1,0,1,0,0,96.1,10.0,1.1,152.4,6.3,14.0,44,11801,5.0,1,0,0,0,0,0,1
37,90,1.015,0,0,0,1,0,0,226.6,88.9,1.8,150.3,5.9,9.5,29,8449,3.7,0,1,0,0,0,0,1
51,70,1.01,2,0,0,0,0,0,87.8,144.2,4.9,144.8,6.4,10.3,33,10710,4.2,0,1,0,0,1,0,0
59,100,1.02,0,1,1,0,0,0,124.3,90.2,0.5,137.7,8.4,9.7,31,10482,3.9,1,0,0,1,0,0,1
75,70,1.02,0,0,0,0,0,0,272.5,67.2,1.0,137.2,9.0,12.1,38,9963,4.0,1,0,0,0,0,0,0
67,90,1.015,0,0,0,0,0,0,144.2,77.5,3.4,144.6,5.0,15.9,51,7466,5.7,0,0,0,0,0,0,0
87,70,1.02,0,0,1,0,0,1,90.6,127.7,1.1,133.1,7.9,12.5,40,8898,4.5,1,0,0,0,1,1,1
37,90,1.015,0,1,0,1,0,0,78.7,13.3,4.7,118.2,3.5,11.2,34,6693,3.9,1,1,0,0,0,0,1
65,90,1.02,2,0,0,0,0,0,174.3,51.4,0.4,141.9,8.2,8.1,22,8437,3.0,0,1,0,0,0,0,1
54,90,1.01,0,0,0,0,0,0,70.0,34.4,4.3,125.7,7.8,14.1,47,5011,5.3,0,1,0,0,0,0,1
88,90,1.025,1,0,1,0,0,0,128.5,10.0,0.4,127.4,7.6,10.2,31,6107,3.9,0,1,0,0,0,0,1
37,70,1.015,0,2,0,1,0,0,174.3,40.6,0.4,137.0,4.9,12.8,38,7581,5.1,0,0,0,0,0,0,0
36,60,1.015,0,0,0,0,0,0,250.6,112.4,6.9,136.0,2.6,11.5,32,5663,4.0,1,0,0,1,0,0,1
40,70,1.01,0,3,0,0,1,0,200.7,85.3,2.6,122.9,2.5,14.9,46,6935,4.9,0,0,0,0,1,0,0
14,70,1.01,2,0,0,0,0,0,91.6,89.2,1.3,138.7,4.5,12.0,37,7924,4.4,0,0,1,1,0,0,1
42,80,1.02,0,0,0,0,0,0,241.1,64.3,0.8,146.7,9.0,12.3,35,9566,5.0,1,1,0,0,0,0,1
38,70,1.015,2,0,0,0,1,0,124.3,83.2,2.9,125.7,3.7,13.9,43,11152,4.8,0,0,0,1,1,1,0
53,110,1.02,0,0,0,0,0,0,70.0,17.0,2.1,149.7,7.0,17.8,54,7055,6.6,1,0,0,1,0,0,1
56,80,1.005,2,3,1,1,0,0,134.4,41.5,14.3,121.4,7.1,15.1,52,12271,5.6,1,1,0,0,0,0,1
82,90,1.015,0,0,0,0,0,0,261.6,66.6,12.3,158.2,3.7,12.2,36,11121,4.4,1,1,0,0,0,0,1
67,70,1.015,1,0,0,0,0,0,161.1,70.9,3.0,132.9,8.5,12.5,37,9861,4.5,1,0,0,0,1,0,1
41,90,1.005,1,0,0,0,0,0,149.0,73.0,1.8,138.5,2.5,11.0,32,8845,3.7,0,1,0,1,0,0,1
35,100,1.01,3,0,0,0,0,0,277.3,50.1,2.0,118.1,2.5,9.7,32,9325,2.8,0,0,0,1,0,1,1
59,80,1.015,0,0,1,0,0,0,70.0,38.1,3.4,136.4,2.5,10.9,33,11842,3.6,0,0,0,0,0,0,1
28,80,1.02,0,0,0,0,0,0,70.0,214.9,0.4,139.3,2.5,10.3,30,11948,3.6,0,0,0,0,1,0,1
82,90,1.015,0,3,0,0,0,0,70.0,102.3,1.2,136.1,5.6,14.4,46,12271,5.5,0,0,0,0,1,0,0
71,70,1.02,2,0,0,1,0,0,177.4,77.7,0.4,131.4,5.5,9.4,26,8519,3.3,0,0,0,0,0,0,1
43,80,1.02,1,0,0,0,0,0,161.2,45.3,0.4,127.5,5.8,16.4,52,10009,5.7,1,0,0,1,0,0,0
21,70,1.005,2,0,0,0,0,0,269.9,34.4,0.7,148.3,6.4,14.7,49,12296,5.0,1,1,0,0,0,0,1
74,70,1.02,0,0,0,1,0,0,167.2,50.5,2.0,137.3,2.5,12.6,40,6591,4.7,0,1,0,1,0,0,1
49,70,1.025,0,0,0,0,1,0,116.1,71.6,4.6,152.4,2.5,12.5,40,7476,4.9,0,0,0,1,1,0,0
72,60,1.02,0,1,0,0,0,0,148.1,10.0,2.0,131.7,5.8,10.9,35,8446,4.2,0,1,0,1,0,0,1
23,60,1.02,4,0,0,0,0,1,157.3,10.0,1.2,132.7,2.7,13.3,44,11008,4.9,1,0,0,0,0,1,1
40,70,1.015,1,0,0,0,0,0,70.0,25.2,0.4,145.2,2.5,15.7,51,11053,5.2,1,0,0,0,0,1,0
51,110,1.02,3,0,1,1,0,0,362.1,67.4,2.4,120.8,7.5,10.5,33,7730,3.6,0,0,0,0,0,0,1
51,80,1.02,0,4,0,0,0,0,189.1,45.0,0.9,124.9,8.8,8.1,26,4025,3.5,0,0,0,0,0,0,0
43,110,1.02,1,0,0,0,1,0,164.6,130.9,2.9,148.0,9.0,14.5,43,9113,5.5,0,0,0,0,0,1,1
61,70,1.025,1,0,0,0,0,0,196.6,10.0,11.3,125.3,5.2,13.4,43,5736,4.3,1,1,0,0,0,0,1
32,70,1.01,0,0,0,0,0,0,204.0,19.4,0.4,118.8,6.5,9.3,26,4079,3.3,0,0,0,0,0,0,0
48,80,1.005,2,0,0,0,0,0,136.9,133.0,0.7,155.7,8.7,10.4,31,4734,3.8,0,1,0,0,0,0,1
53,70,1.02,3,0,1,0,0,0,98.1,63.6,1.9,123.1,2.7,10.0,24,9346,3.3,1,0,0,0,0,0,1
59,70,1.02,3,0,0,1,0,0,195.4,101.2,10.4,138.8,7.9,10.4,33,12347,3.0,1,0,0,0,1,0,1
63,80,1.01,2,0,1,1,0,0,178.5,159.6,4.4,137.7,5.4,11.6,34,8512,4.2,1,0,0,0,0,0,1
31,70,1.015,0,0,0,0,0,0,84.0,22.3,6.9,108.9,7.3,11.7,38,9013,3.9,0,0,0,0,1,1,0
24,80,1.005,0,1,0,0,0,0,260.1,52.0,1.2,134.3,5.2,10.6,33,11830,3.6,1,0,0,0,0,0,1
72,80,1.015,4,0,1,1,0,0,171.2,43.4,14.5,141.5,8.5,10.3,34,3921,3.6,0,1,0,1,1,0,1
56,70,1.02,0,0,0,0,0,0,205.7,10.0,0.4,140.5,5.3,11.8,34,9908,4.2,0,0,0,0,0,1,0
38,60,1.02,2,0,1,0,0,0,258.0,41.5,0.4,146.0,2.5,13.0,42,8366,4.6,0,0,0,0,0,0,0
77,90,1.015,2,0,0,0,0,0,149.7,101.1,5.8,133.1,9.0,11.6,40,10041,3.9,0,0,0,0,0,0,1
52,80,1.015,1,0,1,1,0,0,173.0,84.0,7.9,144.1,2.5,15.9,50,6997,5.6,0,0,0,0,0,0,1
71,60,1.005,5,0,0,1,0,0,212.0,88.0,0.4,130.1,8.4,14.0,44,6027,4.5,1,1,0,0,1,0,1
52,120,1.015,0,0,0,0,1,0,90.7,38.2,0.4,122.9,4.3,7.9,24,8807,2.9,0,1,0,0,0,0,1
86,60,1.02,0,0,0,0,0,0,152.3,24.2,0.4,124.0,8.1,14.0,42,13182,4.1,1,1,0,0,0,0,0
80,80,1.025,0,5,0,0,1,0,157.9,120.5,0.4,122.4,8.0,14.3,45,10896,5.0,0,0,1,0,0,0,0
46,110,1.02,0,0,0,0,0,0,72.5,32.1,0.7,147.1,5.9,11.2,31,6927,4.3,0,0,0,0,0,0,1
67,70,1.005,0,2,0,0,1,0,331.1,71.7,10.5,121.9,6.1,8.2,24,4511,2.6,0,0,0,0,0,0,1
61,70,1.025,0,0,0,1,0,0,70.0,65.2,3.3,139.7,5.9,12.5,35,3522,4.7,1,1,0,0,0,0,1
74,70,1.02,2,0,0,0,1,0,70.0,130.1,4.5,134.3,2.5,12.5,37,12216,4.8,0,0,0,1,0,0,1
34,70,1.02,3,0,0,1,0,0,251.8,105.6,4.5,136.0,5.0,9.2,29,5630,2.3,1,0,1,0,0,0,1
62,70,1.02,0,0,0,0,0,0,204.3,10.0,2.3,150.6,2.5,8.3,26,7456,2.9,0,0,0,1,0,0,1
68,80,1.015,0,0,0,0,1,0,70.0,10.0,4.8,132.6,5.1,12.2,37,12231,3.5,1,0,0,0,0,0,1
21,60,1.015,3,0,0,0,0,0,196.0,85.9,2.7,143.1,2.5,11.8,36,3719,4.2,0,1,0,0,0,0,1
30,80,1.01,0,2,0,0,0,0,264.0,53.8,1.1,137.4,2.5,11.3,31,12727,4.0,1,1,0,0,1,0,1
16,120,1.015,0,1,0,0,0,0,145.6,34.2,2.5,135.5,9.0,12.3,37,7664,3.6,0,0,0,0,0,0,1
46,90,1.015,0,0,0,1,1,0,353.3,107.8,2.3,160.0,7.8,9.3,27,5069,3.9,1,1,0,1,0,1,1
63,80,1.02,1,0,1,1,0,0,70.0,66.4,5.2,122.6,4.6,11.2,33,7682,4.1,1,0,0,0,0,0,1
76,70,1.02,0,0,1,0,0,0,202.8,59.6,12.0,149.9,5.2,14.0,44,6304,4.7,0,1,0,0,0,0,1
52,80,1.02,4,0,0,0,0,0,240.2,96.0,1.6,143.6,3.9,11.5,33,9678,4.5,1,1,0,0,0,0,1
78,80,1.01,0,0,0,1,0,0,218.4,38.2,4.3,132.2,6.3,7.7,22,6520,2.2,0,1,0,0,0,0,1
27,70,1.025,1,2,0,0,0,0,131.9,135.4,0.4,153.3,2.6,11.1,30,2856,3.6,0,1,0,0,0,1,1
22,70,1.025,0,0,0,0,0,0,125.1,17.6,4.5,118.5,7.6,9.4,28,7760,2.7,1,0,0,0,0,0,1
50,90,1.02,0,0,0,0,0,1,183.1,89.8,1.4,131.8,3.8,13.3,39,4466,5.3,0,0,0,0,0,1,0
57,70,1.025,1,0,0,1,1,0,212.4,128.7,0.4,124.9,3.3,13.4,41,8992,4.9,0,0,0,0,0,0,1
50,70,1.02,2,0,0,0,0,0,195.6,10.0,1.4,141.1,4.7,7.7,21,4957,2.9,0,0,0,1,0,0,1
15,70,1.025,2,0,0,0,0,0,230.2,39.8,2.8,125.9,2.8,14.7,45,6984,5.3,1,0,0,0,0,0,0
49,70,1.01,1,0,0,1,0,0,70.0,114.1,0.4,141.3,5.6,9.3,28,8929,3.5,0,0,0,1,0,0,1
28,90,1.015,3,0,1,0,0,0,130.0,114.9,7.7,135.1,3.0,17.0,54,7783,6.1,0,1,1,0,0,0,1
62,80,1.015,2,0,0,0,0,0,73.7,48.4,0.4,132.2,6.0,12.4,39,9126,4.5,1,0,1,0,0,0,1
57,90,1.01,2,0,1,0,0,0,117.5,20.3,8.0,140.9,8.2,8.9,23,10372,3.2,1,1,0,0,1,0,1
35,50,1.01,0,5,1,1,0,0,228.2,104.8,3.7,134.3,2.5,9.2,25,5041,3.1,1,0,0,0,0,0,1
42,70,1.02,0,0,0,0,0,0,156.5,116.2,1.2,126.1,4.2,13.5,41,8213,4.8,1,0,0,0,1,0,1
32,80,1.02,0,0,0,1,0,0,353.9,10.0,1.5,163.0,6.0,11.4,33,2200,4.2,1,0,0,0,0,0,1
49,50,1.02,1,0,0,0,0,0,163.3,10.0,4.1,132.1,3.3,12.2,31,9117,4.4,0,0,0,0,0,0,0
67,70,1.01,0,0,1,0,0,0,152.7,68.3,2.8,114.8,6.0,17.2,54,7527,5.7,0,1,0,0,0,0,0
34,90,1.02,0,0,1,1,0,0,156.4,88.5,3.3,128.6,6.3,10.5,33,5547,3.3,1,0,0,1,0,0,1
59,70,1.02,3,1,0,0,0,0,97.6,42.0,1.5,124.3,7.8,12.7,40,9315,4.9,1,0,0,1,0,0,1
41,80,1.015,3,0,0,0,0,0,143.4,91.0,2.0,145.3,2.8,16.6,50,11800,5.8,1,1,0,0,0,0,1
37,70,1.02,3,0,0,0,0,0,237.1,21.5,13.8,140.2,2.5,13.3,42,7019,4.9,0,0,0,0,0,0,1
49,50,1.015,0,0,0,0,0,0,157.0,10.0,0.7,141.0,3.7,7.8,22,5660,2.5,0,1,0,0,0,1,1
33,70,1.015,1,0,0,0,0,0,85.3,35.8,1.6,133.3,2.5,14.0,43,8878,4.6,0,0,0,0,0,1,0
41,110,1.025,0,1,1,0,0,1,74.9,60.2,1.0,134.2,6.3,9.1,26,4526,3.0,1,1,1,0,0,0,1
30,90,1.015,0,1,0,0,0,0,112.4,43.2,4.3,133.3,2.5,16.6,54,6484,5.9,1,1,1,0,1,0,1
84,100,1.02,0,0,0,1,0,0,153.8,10.0,4.3,136.2,9.0,10.1,28,11944,3.4,0,1,0,0,0,1,0
51,80,1.025,0,0,0,0,0,0,242.3,10.0,1.0,145.4,8.5,17.8,54,8580,6.7,0,0,0,0,0,0,0
39,70,1.02,0,0,0,1,0,0,70.0,31.3,0.4,140.4,4.6,16.8,52,2949,6.1,1,0,0,0,1,0,0
54,80,1.01,2,4,0,0,0,0,122.7,101.9,0.4,142.0,7.2,10.2,30,3188,4.2,1,1,0,0,0,1,1
49,80,1.01,0,0,0,0,0,0,159.4,119.8,1.7,142.0,2.5,12.6,39,8870,4.6,0,0,0,0,0,0,1
47,90,1.005,2,4,1,0,0,0,70.0,116.4,1.6,145.8,9.0,14.7,47,10900,4.5,0,0,0,1,1,0,1
61,60,1.02,1,0,1,0,0,0,82.1,16.2,13.4,139.9,2.8,14.8,48,3708,5.6,1,1,0,0,0,0,1
63,80,1.015,0,0,0,0,0,0,94.3,10.0,1.9,140.6,4.2,13.8,43,9704,4.5,1,0,0,0,0,0,1
41,70,1.01,0,0,1,1,0,0,85.1,81.8,0.9,148.9,2.5,16.1,48,12257,5.8,0,0,0,0,0,0,0
41,70,1.025,0,5,0,1,0,0,163.2,88.8,6.7,130.3,6.1,12.1,37,13874,4.1,0,1,0,0,0,0,1
46,80,1.02,1,1,0,1,0,0,135.3,77.0,2.0,128.4,2.5,11.4,38,9360,4.7,0,0,0,0,0,0,1
12,80,1.015,0,0,0,0,0,0,104.1,10.0,2.7,125.1,4.9,11.5,38,9869,4.5,0,0,0,1,0,1,0
25,70,1.02,0,0,0,1,0,0,181.8,13.7,0.4,138.8,3.0,15.0,48,2213,5.1,0,1,0,0,0,0,0
74,70,1.02,0,0,1,0,0,0,284.1,55.5,1.4,118.5,2.5,13.6,43,14489,4.8,0,1,0,0,0,0,1
78,80,1.01,1,0,0,0,0,0,277.5,81.4,8.7,141.6,2.5,13.3,42,6731,4.8,1,0,0,0,0,0,1
46,90,1.015,3,0,0,1,0,0,70.0,95.4,2.7,135.9,5.3,14.8,48,5692,5.5,1,1,1,0,0,0,1
60,90,1.02,0,0,0,0,0,0,193.6,64.2,1.3,148.3,2.5,6.6,19,7659,2.4,0,1,0,0,0,0,1
56,100,1.02,2,1,0,0,0,0,133.9,73.5,2.9,130.3,2.5,13.4,38,12783,4.5,0,0,0,0,1,0,1
90,90,1.02,1,0,0,0,0,1,160.3,61.2,7.2,135.0,6.6,13.1,40,14803,4.5,0,0,0,0,0,0,1
70,70,1.015,3,1,0,0,0,0,116.5,91.3,1.0,148.2,9.0,17.3,51,8763,6.2,0,0,0,0,1,0,0
48,80,1.005,2,0,0,0,0,1,157.3,72.6,2.1,150.8,6.0,8.1,22,11294,3.3,0,1,0,0,0,0,1
34,70,1.01,1,0,0,0,0,0,160.0,60.3,9.6,130.2,2.5,17.0,51,8525,6.2,1,1,0,0,0,0,1
23,70,1.015,1,0,1,1,0,0,102.3,43.6,0.6,138.8,3.5,12.7,44,5390,4.3,1,0,0,0,0,0,1
54,90,1.015,3,0,0,0,0,0,77.2,61.1,3.8,139.9,4.7,13.9,43,12682,5.2,1,1,0,1,0,0,1
38,60,1.005,0,0,0,0,0,0,112.6,81.2,2.9,140.7,3.6,17.4,54,6595,6.1,1,1,0,0,0,1,1
26,100,1.02,0,0,0,0,0,0,166.5,70.4,3.4,134.4,7.3,14.1,41,12853,5.3,1,0,0,0,1,0,0
40,80,1.025,0,0,0,0,0,0,195.3,76.0,1.3,149.8,5.3,13.7,38,12165,5.7,1,1,0,0,0,0,1
32,80,1.02,2,0,0,0,0,0,215.4,124.1,1.1,118.1,7.3,13.2,39,10180,4.6,0,0,0,0,1,1,1
79,80,1.025,2,0,0,0,1,0,109.0,70.3,3.5,132.8,3.7,11.1,37,13704,4.2,1,1,0,0,0,0,1
65,90,1.015,0,0,1,1,0,0,170.4,24.6,0.7,141.5,8.6,12.4,39,14873,4.2,0,0,0,0,1,1,1
50,80,1.025,1,1,0,1,0,0,224.0,101.2,1.6,141.6,4.1,10.4,33,7891,3.7,0,0,0,0,0,0,1
76,80,1.01,0,2,1,1,1,0,240.1,10.0,0.6,150.5,2.5,12.4,39,6054,4.4,0,1,0,1,1,0,1
52,60,1.025,0,0,1,1,0,0,143.4,10.0,0.4,149.0,9.0,5.7,16,2993,2.1,1,0,0,1,0,0,1
36,80,1.025,4,0,0,0,0,0,130.5,73.8,10.5,134.1,2.5,13.7,45,14909,5.6,1,1,0,0,1,0,1
76,70,1.02,0,0,0,1,0,0,163.1,82.8,1.7,150.0,2.5,12.1,36,7124,4.2,1,0,0,0,0,0,1
60,80,1.025,0,3,0,0,0,0,70.0,10.0,10.5,129.9,2.7,11.5,38,11691,4.3,0,1,0,0,0,0,1
33,80,1.02,1,0,1,0,0,0,132.7,37.9,0.5,146.3,9.0,13.1,41,6250,4.1,0,0,0,0,0,0,1
47,80,1.015,2,0,1,0,0,0,206.8,26.7,2.7,155.1,9.0,8.3,22,12860,3.1,1,0,0,0,0,0,1
36,60,1.015,0,0,0,0,0,0,198.7,32.7,0.7,149.1,9.0,17.8,53,6369,6.7,1,1,0,0,0,0,0
27,60,1.02,1,0,0,0,0,0,126.6,104.2,4.7,138.1,3.6,12.2,34,4944,4.2,1,1,0,0,1,0,1
66,80,1.01,1,0,0,1,1,0,165.2,92.3,4.6,133.7,9.0,12.1,39,7795,3.6,0,1,0,0,0,1,1
83,60,1.02,0,0,1,0,0,0,82.9,56.0,0.4,121.7,5.7,9.7,30,6857,3.5,0,1,0,0,0,0,1
27,60,1.025,0,0,1,0,0,0,203.6,29.7,7.3,140.1,7.5,12.6,34,10129,4.5,1,0,0,0,0,0,0
60,50,1.01,1,0,0,0,0,0,141.9,10.0,0.6,125.8,5.1,16.5,51,8250,6.1,0,0,1,0,0,1,0
39,100,1.02,0,0,0,0,0,0,126.2,128.0,2.8,129.1,4.5,15.5,46,10220,6.1,1,0,0,0,0,0,1
42,80,1.025,3,0,0,0,0,0,119.4,86.6,12.7,125.1,3.8,15.0,43,7556,5.2,0,0,0,0,1,0,1
40,70,1.025,2,2,0,0,1,0,143.0,21.7,6.4,132.4,4.0,14.1,47,6471,4.8,1,1,0,1,0,0,1
36,70,1.025,4,0,1,0,0,1,112.6,93.0,9.4,136.7,6.4,11.5,35,6707,3.8,0,1,0,0,0,1,1
51,70,1.02,0,1,0,0,0,0,200.0,53.5,1.3,139.7,5.7,8.3,25,14330,3.0,1,0,0,0,0,0,0
36,90,1.025,4,0,0,1,0,0,116.8,42.6,0.4,131.0,4.5,11.9,36,9052,4.4,0,1,0,0,0,0,0
55,80,1.02,0,0,0,0,0,0,273.8,78.8,0.6,147.7,9.0,11.8,33,2647,4.1,0,1,0,0,0,0,1
50,70,1.01,0,3,1,0,0,0,263.8,19.9,2.1,134.9,2.5,15.5,45,6891,5.8,0,1,0,0,0,1,1
46,70,1.02,0,0,0,0,0,0,77.6,39.8,4.7,129.1,6.1,13.4,44,8680,4.9,1,0,0,1,0,0,1
35,60,1.02,0,1,0,0,0,0,153.5,63.1,0.5,139.3,6.8,17.2,52,13751,6.2,1,0,0,0,0,0,0
41,80,1.015,1,0,0,1,0,0,96.6,32.0,3.2,156.6,8.0,16.0,49,11383,5.4,0,1,0,0,1,0,1
63,90,1.02,0,1,1,0,0,0,122.2,90.5,1.2,140.4,4.4,11.2,30,5727,3.9,1,1,0,0,0,0,1
59,70,1.02,0,0,1,0,0,0,306.2,150.5,1.3,133.4,5.2,7.3,19,15413,2.1,0,0,0,0,1,0,1
34,60,1.01,1,0,0,1,0,0,123.7,19.3,3.3,121.7,7.6,16.5,52,8309,6.0,0,1,1,1,0,1,1
52,60,1.02,0,0,0,0,0,0,176.5,10.0,1.9,134.8,9.0,16.4,51,12014,5.9,0,0,0,0,0,0,0
63,110,1.02,1,2,0,0,0,0,190.8,10.0,5.0,139.3,3.7,8.5,29,5050,3.1,1,0,0,1,0,1,1
22,70,1.02,0,2,0,0,0,0,70.0,49.5,0.5,133.1,5.4,16.9,54,2200,6.2,0,1,0,0,0,0,0
60,90,1.005,2,1,0,1,1,0,80.4,23.8,4.7,120.3,9.0,13.6,41,4315,5.0,0,0,0,1,0,0,1
39,80,1.005,2,2,1,1,1,0,70.0,67.4,0.4,128.5,2.5,13.0,41,2200,4.6,1,0,0,0,0,0,1
60,70,1.015,0,0,0,0,0,0,78.0,63.6,0.6,151.5,2.5,17.2,52,14525,6.2,1,0,0,0,0,0,0
38,70,1.025,0,0,1,0,0,0,70.0,10.0,3.2,151.3,9.0,16.4,54,9022,5.4,0,0,0,0,0,0,1
20,70,1.015,0,0,0,0,0,1,191.0,10.0,5.8,128.1,7.9,14.4,46,5718,5.0,1,0,0,0,0,1,0
23,80,1.02,2,0,0,1,0,0,310.3,71.8,0.9,143.7,6.2,13.9,43,9712,5.0,1,0,0,0,0,1,1
51,90,1.015,0,0,0,1,0,0,159.7,63.8,1.2,125.2,3.3,14.3,44,8949,4.9,0,1,0,0,1,0,0
55,80,1.015,0,0,0,0,0,0,70.0,35.7,2.3,151.0,2.5,11.3,37,10200,4.3,1,1,0,0,0,0,1
35,80,1.02,0,0,0,1,0,0,97.2,10.0,0.7,139.5,2.8,12.3,39,11907,4.2,0,0,0,0,0,0,1
61,60,1.02,0,0,0,0,1,0,111.7,80.6,5.0,146.5,9.0,9.9,33,7559,3.6,1,0,0,0,1,1,1
22,110,1.01,0,0,0,0,0,0,70.0,120.6,4.5,119.8,2.7,11.5,31,5848,4.1,0,1,0,0,1,0,1
49,90,1.015,2,0,0,0,0,0,216.0,70.9,0.5,143.8,4.9,11.4,36,10800,4.3,1,1,0,0,0,0,1
30,70,1.005,0,0,0,0,0,0,212.0,14.6,1.9,136.9,2.5,10.7,32,10726,4.1,0,0,0,0,0,0,1
39,110,1.02,0,0,1,1,0,0,70.0,59.2,4.5,145.5,7.1,12.9,43,8692,4.8,1,0,0,0,1,0,0
51,80,1.02,2,0,0,0,0,0,205.3,10.0,1.2,146.1,3.0,11.6,39,14714,3.5,0,0,0,1,0,0,0
36,80,1.01,2,0,1,0,0,0,268.6,109.9,3.0,137.7,4.3,14.0,43,7130,5.4,0,0,0,0,0,0,1
44,80,1.015,0,0,0,1,0,0,298.3,61.1,0.4,131.0,2.5,7.8,27,5790,3.2,0,0,0,1,0,0,1
68,90,1.015,0,0,0,1,0,1,374.4,10.0,2.8,144.8,2.5,12.2,41,9612,4.2,1,1,0,0,0,1,1
41,80,1.025,0,0,0,0,0,0,76.7,42.0,0.5,136.4,4.6,12.9,40,6442,4.7,0,1,0,0,1,0,0
65,70,1.025,3,0,1,0,0,0,371.1,80.2,5.3,128.3,2.5,11.6,40,9836,3.9,0,1,0,0,0,0,1
31,70,1.005,0,0,0,0,0,0,120.0,40.3,1.3,127.8,9.0,12.0,37,5984,3.7,0,0,0,0,1,0,1
60,100,1.02,3,0,0,0,0,0,101.2,43.2,1.0,122.2,2.5,7.9,24,7239,2.6,1,1,0,0,0,0,1
75,70,1.015,1,0,0,1,0,0,173.8,10.0,5.5,131.9,2.5,13.5,43,13883,4.7,0,0,0,0,0,0,1
12,70,1.015,1,3,0,1,0,0,102.0,85.3,0.4,148.0,4.7,14.4,43,7223,5.0,1,0,0,0,0,0,0
37,70,1.02,0,3,0,0,0,0,179.5,24.6,1.5,138.8,3.5,13.9,43,6083,4.7,0,1,0,1,1,0,1
60,70,1.025,0,0,0,0,0,0,70.0,10.0,1.4,131.7,2.5,15.5,50,11794,5.3,0,0,0,1,0,0,0
47,80,1.025,0,0,0,0,0,0,129.1,38.4,1.0,145.0,2.5,13.1,40,5351,4.7,0,0,0,0,0,0,0
57,100,1.02,0,0,1,1,0,0,249.6,106.1,7.3,128.7,2.5,13.9,39,6390,4.7,1,0,0,0,0,0,0
40,70,1.015,1,0,0,0,0,0,143.5,37.7,4.2,138.0,3.7,13.0,41,10072,4.8,0,1,1,0,0,0,1
52,70,1.02,4,3,0,0,0,0,159.2,143.9,0.4,135.2,9.0,14.5,43,11121,5.4,0,0,0,0,0,0,0
48,70,1.015,1,0,0,0,0,0,185.5,78.4,3.8,144.8,4.8,7.9,26,11939,3.5,0,1,1,0,0,0,1
70,90,1.02,2,0,0,0,0,0,240.5,73.9,2.2,121.2,8.1,9.9,32,6233,3.9,1,1,1,0,1,0,1
55,80,1.015,0,0,0,0,0,0,70.0,50.6,6.9,128.5,6.1,17.1,54,10128,6.2,0,1,0,1,0,0,1
56,70,1.02,0,4,0,0,0,0,194.2,53.6,1.1,120.6,7.9,5.4,18,7048,2.1,1,0,0,0,0,0,1
43,90,1.015,0,0,1,1,0,0,126.8,43.8,2.6,134.4,2.5,12.1,39,6643,4.4,0,0,0,0,0,0,1
42,90,1.01,1,0,1,1,0,0,161.2,41.9,2.1,149.1,3.7,15.9,47,11889,5.8,0,0,0,1,0,0,0
43,90,1.025,3,0,1,1,0,0,231.7,83.5,2.0,131.9,8.5,12.2,39,6806,4.2,0,0,0,0,0,0,1
57,100,1.01,1,0,0,0,0,0,70.0,10.2,1.8,131.9,2.9,11.3,38,9206,4.3,0,1,0,0,1,0,1
43,70,1.02,0,0,0,0,0,0,70.0,10.0,0.7,145.7,9.0,12.9,38,8851,4.2,1,0,0,0,0,1,0
55,90,1.015,0,0,0,0,0,0,70.0,10.0,4.2,147.7,9.0,11.5,39,5294,4.0,0,1,0,0,1,0,1
86,80,1.005,1,2,0,0,0,0,104.6,159.3,1.8,136.1,3.2,12.6,37,11201,4.7,1,0,0,0,1,0,1
65,90,1.005,0,2,0,1,0,0,253.1,83.5,9.5,143.8,3.1,10.5,30,10024,3.7,0,1,0,0,0,0,1
45,80,1.01,2,2,0,0,0,0,138.5,72.2,0.9,126.2,2.5,15.7,49,2639,5.5,1,0,0,0,0,0,0
71,90,1.025,2,0,0,0,0,0,70.0,10.0,3.4,150.8,2.7,16.6,52,9204,5.9,0,0,0,1,0,0,1
44,80,1.015,1,1,0,1,0,0,109.6,88.2,8.5,158.5,2.5,12.1,39,6158,4.1,0,1,0,0,0,0,1
16,70,1.025,0,0,0,1,0,0,70.0,51.2,3.3,142.2,5.9,8.5,24,11581,3.4,1,0,0,0,0,0,1
33,80,1.02,0,0,0,0,0,0,70.0,67.7,6.2,116.2,2.5,11.0,34,4208,3.6,1,0,0,0,0,0,0
19,110,1.015,0,0,0,0,0,0,178.7,10.0,5.3,131.4,6.4,12.0,35,7366,4.4,0,0,0,1,0,0,0
45,100,1.02,0,0,0,0,1,0,70.0,65.0,1.3,143.1,6.5,14.0,40,9449,5.1,0,0,0,0,1,0,1
51,60,1.02,0,0,0,0,0,0,235.9,35.8,2.7,132.8,2.5,9.6,27,8557,3.1,0,1,0,0,0,0,0
79,70,1.02,1,0,0,0,0,0,142.4,18.7,0.5,149.7,9.0,10.3,30,10612,3.7,1,1,0,1,0,1,1
56,70,1.015,1,0,1,0,0,0,154.8,93.7,2.3,142.9,6.1,14.0,44,3996,4.7,0,0,0,1,0,0,1
47,80,1.015,0,1,0,1,0,0,126.0,10.0,0.8,129.9,6.8,15.2,49,13190,5.8,1,0,0,0,0,1,1
65,90,1.025,0,0,0,0,0,0,209.1,85.2,4.1,137.3,2.5,10.7,30,9922,3.5,0,1,0,0,0,0,1
13,70,1.025,0,0,0,0,0,0,209.9,91.2,2.3,128.1,6.5,8.6,27,12343,2.9,0,1,0,0,1,0,1
55,80,1.025,0,0,0,0,1,0,174.5,13.0,1.6,135.2,8.0,17.8,52,10935,6.0,0,1,0,0,0,0,1
64,90,1.015,2,0,1,0,0,0,192.6,16.0,0.9,131.5,4.3,14.8,47,8366,4.9,0,1,0,0,0,0,1
25,80,1.02,0,0,0,1,0,0,131.2,45.8,15.0,148.7,9.0,11.7,35,4675,4.7,0,0,0,0,0,0,1
70,80,1.02,0,0,0,0,0,0,190.8,71.1,0.4,158.2,4.7,15.0,44,6765,5.5,0,0,0,0,0,0,0
56,80,1.02,0,0,1,0,0,0,121.3,49.4,0.4,122.7,8.0,12.1,39,13009,4.4,1,0,0,0,0,0,1
43,80,1.015,3,0,0,0,0,0,148.2,78.7,0.7,117.8,5.5,15.0,45,12417,5.2,0,0,0,1,1,0,0
61,70,1.02,1,0,0,1,0,0,126.3,145.1,10.6,134.5,6.4,13.0,39,6603,4.9,1,1,1,0,1,0,1
89,80,1.01,0,1,0,0,0,0,111.9,31.6,11.6,121.8,2.5,12.8,35,2200,4.3,0,0,0,0,0,0,1
54,80,1.015,1,0,0,1,0,0,93.6,10.0,3.2,137.5,5.7,12.2,39,7783,4.6,1,1,0,1,0,0,1
55,90,1.025,2,0,0,0,0,0,184.9,98.3,6.4,144.5,2.5,8.3,27,7565,2.7,1,0,0,0,0,0,1
43,80,1.015,4,1,0,0,0,0,251.5,141.2,0.7,151.9,2.5,17.8,54,7675,6.2,1,1,0,0,0,0,1
36,90,1.01,0,0,1,0,0,0,240.5,76.6,10.7,139.0,9.0,9.8,27,9932,3.7,1,0,0,0,0,0,1
65,70,1.01,3,0,0,1,0,0,70.0,10.0,0.5,135.1,4.0,8.6,29,10941,3.3,0,0,0,0,0,0,1
36,80,1.025,3,2,0,1,0,0,249.8,50.8,0.4,117.2,2.5,11.9,35,11271,4.4,1,0,0,0,0,0,1
52,50,1.02,3,0,0,0,0,0,122.9,10.0,0.4,137.3,3.5,9.7,29,9692,3.1,1,1,0,0,0,0,1
42,70,1.015,1,0,1,0,0,0,195.5,89.1,2.6,137.7,2.5,12.4,43,3177,4.3,0,0,1,0,0,0,1
59,80,1.02,1,0,1,0,0,0,76.4,10.0,4.6,143.4,8.9,14.5,43,7410,5.2,0,1,0,0,0,0,1
56,120,1.02,0,0,0,0,0,0,159.2,42.0,1.4,129.9,2.5,15.4,49,15081,5.2,0,0,0,0,0,0,1
68,60,1.015,2,0,0,0,0,0,172.8,10.0,11.4,132.6,6.2,14.9,47,9485,5.7,0,0,0,0,0,0,1
42,70,1.02,1,0,0,1,0,0,70.0,63.3,1.7,122.2,8.7,11.6,36,9466,3.4,0,1,0,0,0,0,1
46,90,1.02,1,0,0,1,0,1,196.1,38.7,0.5,114.1,3.1,12.6,39,9442,4.3,0,0,0,0,1,0,0
34,70,1.02,0,0,0,0,0,0,254.3,65.8,1.9,125.9,6.2,13.7,43,9604,4.7,0,0,0,1,0,0,1
43,80,1.01,2,0,0,0,0,0,134.2,58.1,3.4,121.3,2.5,7.4,23,2200,2.1,1,0,0,0,1,0,1
57,80,1.025,2,0,0,1,0,0,255.5,10.0,5.4,140.4,9.0,14.2,43,7705,4.7,0,1,0,0,0,0,1
63,80,1.02,0,0,1,1,0,0,133.0,88.3,1.8,131.8,7.4,8.3,28,8290,3.2,1,0,0,0,0,1,1
35,70,1.015,2,0,0,0,0,0,215.1,54.6,2.7,131.6,4.0,17.8,52,12116,6.4,0,0,0,0,0,0,1
65,70,1.015,1,0,1,0,0,0,70.0,10.0,0.9,127.2,2.5,11.3,37,8538,4.5,0,0,0,0,0,0,1
74,90,1.005,2,2,0,0,0,1,339.1,169.0,3.1,104.7,4.3,12.0,38,3625,4.7,0,0,0,0,0,0,1
58,80,1.01,0,0,0,0,0,0,266.1,80.8,12.8,152.1,3.6,10.3,33,9647,3.8,0,0,0,0,0,0,1
82,50,1.02,0,0,0,0,0,0,125.5,49.3,0.4,127.0,9.0,10.7,35,6068,3.9,0,1,0,0,0,1,0
37,90,1.005,3,0,0,0,0,0,70.0,127.8,6.5,132.9,2.5,17.8,54,4871,6.4,0,1,0,0,0,1,1
29,60,1.015,0,0,0,0,0,0,170.8,149.1,2.5,122.5,5.0,15.2,43,5980,4.6,0,0,0,0,0,0,1
20,80,1.02,2,2,0,0,0,0,70.0,49.7,0.9,146.7,4.5,8.0,24,9973,2.4,1,1,0,0,0,1,1
76,70,1.01,0,0,0,0,1,0,183.1,74.4,9.3,138.4,4.2,16.9,50,12050,6.1,0,1,0,0,1,0,1
62,100,1.025,1,3,0,0,0,0,180.5,10.0,2.0,128.7,4.3,16.0,48,9800,5.9,0,1,0,1,1,0,0
50,70,1.015,0,0,0,1,0,0,73.6,49.6,1.2,133.1,4.3,11.7,33,10232,4.3,0,0,0,0,0,1,0
55,70,1.015,1,0,0,1,0,0,236.6,47.0,0.6,153.8,7.2,13.4,40,9771,4.5,0,0,0,1,0,0,0
31,70,1.015,0,0,0,0,0,1,211.6,66.2,0.8,136.3,6.4,12.5,37,8693,4.7,0,1,0,0,0,1,1
90,70,1.015,0,2,0,0,0,0,225.1,73.6,5.4,135.2,5.9,17.8,50,10421,6.8,0,0,0,0,1,0,0
53,90,1.005,0,0,1,1,0,0,148.7,85.0,2.9,127.6,2.5,10.2,33,2200,3.9,0,0,0,0,0,0,1
52,120,1.02,0,0,0,0,0,0,70.0,68.9,7.3,118.1,5.5,12.9,44,8722,4.9,0,1,0,0,0,1,1
63,70,1.025,4,0,0,0,0,0,225.3,10.0,0.8,135.4,2.5,11.3,36,5369,3.9,0,0,0,0,0,0,0
59,70,1.015,4,0,0,0,0,0,126.6,10.1,0.4,140.3,6.5,8.3,25,11772,3.3,0,0,0,0,1,0,1
54,80,1.02,0,2,0,0,0,0,70.0,29.7,0.4,148.0,9.0,17.8,54,7973,6.4,1,0,0,0,0,0,1
37,90,1.02,2,0,1,0,0,0,254.8,42.9,2.1,114.5,2.5,9.1,27,8489,3.4,0,1,0,0,0,0,1
59,80,1.02,0,0,0,1,0,0,313.9,109.5,15.0,125.7,3.8,13.1,40,4035,4.8,0,0,0,0,0,1,0
82,70,1.015,1,0,0,0,0,0,144.7,10.0,3.6,131.2,2.8,7.5,23,11348,2.6,1,1,0,1,1,0,1
73,70,1.015,2,0,0,0,0,0,318.6,39.1,1.1,137.0,8.3,11.3,33,10219,3.8,1,0,0,0,1,0,0
78,80,1.015,3,3,0,1,0,0,155.2,104.7,6.3,135.5,4.9,13.7,45,10015,4.9,0,0,1,0,0,0,1
42,50,1.02,0,0,1,0,0,0,117.9,42.0,4.6,135.8,9.0,10.1,28,6042,3.9,1,0,0,0,0,1,1
34,80,1.02,2,0,0,0,0,0,98.2,80.0,0.4,141.1,5.8,14.2,45,6156,4.9,0,0,0,1,0,0,1
48,70,1.01,0,2,0,0,0,0,277.3,50.0,5.1,128.0,5.3,11.7,36,9048,4.4,0,0,0,0,0,0,1
51,90,1.015,5,0,0,0,1,0,86.4,69.8,1.1,146.3,4.8,15.9,53,6385,5.9,1,0,0,0,1,0,0
69,60,1.025,0,0,0,0,0,0,206.1,45.6,0.5,141.3,7.1,16.4,51,9661,5.8,1,1,0,0,0,0,1
22,80,1.02,1,0,0,0,0,0,103.8,90.4,0.8,133.8,2.5,10.8,32,2200,4.3,0,0,0,0,0,0,1
77,80,1.025,1,0,0,0,0,0,111.6,10.0,1.9,153.0,4.9,12.7,38,6986,4.4,1,0,0,0,0,0,0
48,80,1.02,1,0,0,0,0,0,229.4,38.8,1.7,152.6,4.4,13.0,40,13610,5.1,1,0,0,0,0,0,1
43,60,1.015,0,2,1,0,0,1,118.0,71.8,1.0,146.3,6.8,14.3,42,9674,5.2,0,1,0,0,1,0,0
33,80,1.02,3,0,0,0,0,0,116.0,83.7,0.6,106.8,4.0,12.5,37,8883,4.5,0,0,0,0,0,0,0
22,80,1.02,0,0,0,0,0,0,237.5,131.6,4.3,152.8,2.5,13.1,37,14157,4.4,0,0,0,0,0,1,0
64,80,1.01,1,3,0,0,0,0,274.2,37.4,13.8,144.9,4.6,11.8,34,2200,4.2,1,1,0,0,0,0,1
52,80,1.02,0,0,1,0,0,0,198.9,131.0,4.5,157.1,2.5,12.8,39,6035,4.5,0,0,0,0,0,0,1
29,80,1.02,0,0,0,1,0,0,96.3,24.0,1.1,149.4,2.5,16.3,51,7236,5.4,1,0,0,0,0,0,0
28,90,1.01,1,0,0,0,0,0,107.7,123.4,0.8,152.8,6.8,14.4,40,10889,5.1,0,0,0,1,1,1,1
45,70,1.02,0,2,0,0,0,0,154.3,97.9,0.7,145.8,6.3,14.5,44,10939,4.9,0,1,0,0,0,0,0
79,90,1.02,0,0,0,1,0,0,173.4,11.3,0.4,150.5,6.0,14.6,46,5888,5.4,1,0,0,0,1,0,0
46,80,1.025,0,0,0,0,0,0,70.0,72.4,2.4,156.9,8.5,12.1,37,11294,4.7,1,0,0,0,0,0,1
25,60,1.005,0,1,0,0,0,0,205.1,54.4,2.8,139.2,2.6,13.4,40,7230,4.4,0,1,0,0,1,1,1
46,60,1.015,2,0,0,1,0,0,154.8,88.3,3.7,121.3,2.5,9.4,28,11913,3.9,0,0,0,0,0,0,1
46,70,1.02,3,0,0,1,0,0,70.0,45.8,3.4,133.9,4.4,16.2,49,5405,5.7,0,1,0,0,0,0,0
12,90,1.015,0,1,0,0,1,0,74.6,41.6,1.0,140.9,3.6,4.4,16,8042,2.1,0,0,0,0,0,0,1
50,80,1.02,0,0,1,0,0,0,108.2,125.5,1.2,137.7,2.5,12.2,38,6978,4.6,0,0,0,0,1,0,0
47,90,1.02,0,0,1,0,0,0,142.2,52.1,3.4,124.5,4.4,15.8,53,11462,5.5,1,0,0,1,0,0,1
62,80,1.01,0,3,0,1,0,0,297.3,98.3,1.3,120.7,2.8,8.5,24,6883,3.0,0,0,0,0,0,0,1
82,70,1.02,1,0,0,0,0,0,166.8,45.7,0.7,129.6,2.5,13.7,41,8276,4.8,0,0,0,0,1,0,0
70,70,1.02,1,0,0,0,0,0,81.6,140.3,1.4,145.1,3.3,10.5,32,9869,3.5,0,0,0,0,0,0,1
46,70,1.015,0,1,0,1,1,0,165.4,23.1,1.0,152.8,2.5,11.4,33,9981,4.3,1,0,0,0,0,0,0
32,70,1.025,0,1,1,0,0,0,120.2,26.3,0.4,146.2,5.3,15.2,49,10972,5.3,0,1,0,0,0,1,0
90,60,1.02,0,0,0,1,1,0,173.7,133.2,5.3,147.6,2.6,13.1,35,9012,4.2,1,0,0,0,0,0,0
52,70,1.02,2,0,0,0,0,0,193.9,34.8,5.8,136.2,7.9,6.6,19,7187,2.5,0,1,0,1,0,0,1
51,80,1.02,4,0,0,0,0,0,243.5,137.1,0.7,119.6,9.0,9.7,31,7385,3.1,0,1,1,0,0,0,0
50,80,1.02,0,0,0,0,0,0,146.1,101.6,0.4,132.4,6.6,15.3,46,8474,5.1,0,1,0,0,0,0,0
54,120,1.025,0,0,0,1,0,0,277.5,49.3,4.0,134.4,2.5,13.8,41,9123,5.3,0,1,0,0,0,0,0
48,100,1.02,3,0,0,0,0,0,219.7,10.0,0.7,132.0,9.0,17.6,54,7973,5.9,1,0,0,0,0,0,0
41,80,1.02,3,0,0,0,0,0,92.1,56.0,1.5,137.5,9.0,17.4,54,8455,5.5,0,1,0,1,0,0,0
41,70,1.025,0,0,0,0,0,0,322.6,62.1,0.4,141.4,4.7,11.5,36,3999,4.3,0,1,0,0,0,0,0
50,80,1.015,0,0,0,0,0,0,173.8,115.4,0.8,145.5,8.6,17.8,53,10335,6.3,0,1,0,0,0,0,0
41,90,1.02,0,0,1,1,0,0,82.0,136.4,4.7,134.2,2.9,12.6,39,8925,4.4,0,0,0,0,1,0,1
38,70,1.01,1,0,0,0,0,0,278.6,22.8,4.9,118.0,2.5,9.7,29,11305,3.4,0,1,0,0,1,0,1
52,70,1.015,0,0,1,0,0,0,312.1,97.1,0.7,132.2,2.5,10.7,34,8400,3.9,1,1,0,0,1,0,1
46,90,1.015,0,0,0,1,0,0,145.4,95.3,1.2,137.4,9.0,6.0,21,3358,2.1,1,1,0,0,0,0,1
76,70,1.025,1,0,0,0,0,0,108.2,110.7,0.4,149.2,2.5,17.2,48,7360,6.6,1,0,0,0,1,0,0
12,80,1.025,0,0,0,0,0,0,134.4,81.9,0.4,131.3,4.6,17.1,53,7820,5.7,0,0,0,0,1,0,0
69,80,1.02,2,0,1,0,0,0,204.5,10.0,14.6,142.1,4.7,9.6,26,10554,3.6,1,1,0,0,0,0,1
72,70,1.02,0,3,1,1,0,0,249.0,49.2,3.2,139.9,3.1,11.8,41,2396,4.4,0,0,0,0,0,0,0
15,70,1.02,0,0,0,0,0,0,193.1,10.0,2.3,137.4,3.3,12.8,38,8519,4.3,1,0,0,1,0,0,1
45,70,1.025,1,3,1,0,0,0,156.0,46.9,4.4,146.3,4.8,9.7,31,9889,3.2,1,1,0,0,0,0,1
44,60,1.02,0,0,1,0,0,0,266.3,106.0,5.5,130.4,2.9,7.4,22,6481,2.9,0,0,0,1,1,0,1
27,60,1.015,4,0,0,0,1,0,123.3,72.3,4.9,131.2,2.5,11.9,35,8616,4.0,0,0,0,0,0,0,1
37,90,1.01,1,2,0,0,0,0,229.4,114.4,0.4,136.9,5.2,11.6,34,6581,4.0,1,0,0,0,0,0,1
32,70,1.02,0,0,1,0,0,0,125.2,74.1,0.6,130.6,7.8,11.4,38,6284,4.3,1,0,1,0,0,0,1
80,80,1.02,2,0,1,0,1,0,182.1,10.0,3.2,142.1,7.2,13.1,42,7215,4.7,0,0,0,0,0,0,0
66,70,1.015,0,0,0,0,0,0,139.0,10.0,1.4,129.9,2.5,16.6,54,6338,5.4,1,0,0,0,0,0,0
72,100,1.005,3,0,1,0,0,0,143.6,64.4,12.1,139.3,2.5,11.6,36,10382,4.7,0,0,0,0,1,0,1
63,70,1.02,0,0,0,0,1,0,118.2,46.3,3.3,136.0,3.7,13.0,40,6268,4.5,0,0,0,0,0,0,0
31,70,1.005,1,0,0,1,0,0,254.2,10.0,9.4,139.1,9.0,14.6,44,5781,5.1,0,1,0,0,1,0,1
42,90,1.02,0,0,0,1,0,0,90.1,10.0,0.7,132.4,6.5,14.1,43,13526,5.1,1,0,0,0,0,0,0
59,90,1.025,0,0,0,0,0,0,89.5,20.3,6.0,133.6,6.7,10.7,31,11186,4.0,0,0,0,1,0,0,1
30,70,1.015,2,3,0,0,0,0,315.6,47.3,1.2,138.0,7.3,12.8,39,3001,5.2,0,0,0,0,0,0,1
63,90,1.015,2,0,0,0,0,0,225.2,90.3,13.7,139.0,5.9,14.1,42,6182,4.5,0,1,0,0,1,1,1
46,80,1.02,0,0,1,1,0,0,70.0,66.4,0.5,137.0,5.0,9.2,29,9103,3.5,0,1,0,0,0,0,1
44,80,1.02,0,1,0,1,0,0,103.3,137.4,2.2,154.1,6.6,16.2,50,9338,6.0,1,0,0,0,0,0,1
63,70,1.02,2,0,0,1,0,0,70.0,10.0,4.7,127.1,3.0,16.7,52,4077,5.9,0,0,0,0,0,0,0
58,60,1.025,3,0,0,0,0,0,72.9,101.1,1.7,136.4,2.5,10.4,35,11759,4.0,1,0,0,0,1,0,1
44,80,1.01,0,0,0,0,0,0,70.0,59.4,1.9,121.3,6.8,13.1,40,10793,5.0,1,1,1,0,0,0,1
70,80,1.02,0,0,1,0,0,1,137.2,91.7,12.9,140.7,8.3,14.4,46,9797,4.7,0,0,0,0,0,0,1
32,70,1.02,0,0,0,0,0,0,70.0,35.2,1.7,125.8,2.5,10.9,37,12334,4.4,1,0,0,0,0,1,1
61,80,1.025,3,0,1,0,0,0,152.7,110.6,2.8,134.2,7.1,13.9,45,9711,4.5,1,1,0,0,0,0,1
61,90,1.01,0,3,0,1,0,0,70.0,71.8,0.4,133.3,9.0,13.0,42,9700,4.3,1,1,0,0,1,0,1
45,70,1.02,0,0,0,0,0,0,154.6,23.0,5.5,139.8,4.6,8.2,24,12917,2.9,1,0,0,0,1,0,1
56,80,1.02,2,0,0,0,0,0,115.2,56.4,3.1,131.5,2.5,13.8,43,11593,5.5,0,1,0,0,0,0,1
29,70,1.015,0,0,0,0,0,0,266.7,45.0,1.6,131.0,5.0,9.3,26,5959,3.2,0,0,0,0,1,0,0
66,90,1.01,0,0,0,1,0,0,259.5,81.5,0.4,151.4,2.9,15.2,48,10236,5.4,0,1,0,0,0,0,0
47,80,1.025,0,2,0,0,0,0,210.0,10.0,2.7,139.8,2.7,10.6,33,6473,4.2,1,0,0,0,0,0,0
42,100,1.01,0,0,0,0,0,0,122.2,55.5,0.4,131.4,5.9,12.0,37,9862,4.2,1,0,0,1,1,1,0
68,60,1.015,0,0,0,1,0,1,304.8,76.8,0.4,134.5,2.5,16.5,53,9782,5.5,0,1,0,0,0,0,1
39,60,1.015,1,1,0,0,1,0,70.0,58.7,2.9,153.5,2.5,13.9,40,4387,4.8,0,0,1,1,0,0,1
27,70,1.025,0,0,0,0,0,0,70.0,124.3,0.6,134.6,4.7,9.4,32,8046,3.8,0,0,0,1,0,0,0
24,70,1.02,1,0,0,0,0,0,141.4,95.7,0.6,130.1,4.5,9.6,31,9169,3.4,1,0,0,0,0,0,1
61,70,1.02,2,0,0,0,0,0,326.1,56.6,3.2,130.2,5.6,10.8,33,7134,4.4,0,0,0,0,0,0,1
29,100,1.015,2,1,1,1,0,0,132.0,67.8,0.4,131.5,9.0,13.6,41,9312,5.1,0,0,0,0,0,0,0
80,70,1.02,0,0,0,1,1,0,133.5,71.8,1.1,131.1,4.9,13.5,42,10737,4.6,0,1,1,0,1,0,0
15,70,1.02,0,1,0,0,0,0,70.0,77.2,0.5,124.2,6.4,10.1,34,8311,3.6,0,0,0,1,0,1,0
79,90,1.02,0,0,1,0,0,0,222.7,10.0,2.6,125.8,2.5,9.1,28,9051,3.0,0,0,0,0,0,0,1
54,70,1.025,0,0,0,0,0,0,223.3,41.9,3.3,128.7,6.9,13.3,41,12411,4.5,1,0,0,1,1,0,1
49,90,1.005,0,1,0,0,0,0,210.3,10.0,3.8,142.9,3.0,12.0,37,9772,5.6,0,0,0,0,0,0,1
41,60,1.02,1,0,0,0,0,0,98.3,120.9,0.9,133.2,4.8,17.8,54,8982,6.7,1,0,0,0,0,0,0
57,80,1.01,0,0,0,0,0,0,92.2,54.0,0.4,134.9,4.3,12.6,38,5621,4.8,0,0,0,0,0,0,0
50,60,1.02,0,0,1,0,0,0,70.0,47.3,0.4,149.7,7.7,17.8,54,10345,6.2,0,0,0,0,0,0,0
69,60,1.015,0,0,1,1,0,0,154.6,101.8,1.7,150.0,2.5,9.1,31,9357,3.7,0,0,0,0,0,0,1
52,100,1.015,1,0,1,0,0,0,70.0,78.1,8.7,134.2,2.5,7.9,24,12122,3.2,1,1,0,0,0,0,1
53,70,1.015,0,0,0,0,0,0,70.0,10.0,0.7,130.7,4.0,9.3,31,8535,3.9,1,0,0,1,1,0,1
44,80,1.02,1,0,0,0,0,0,114.5,53.5,0.9,128.4,6.0,15.9,47,3132,6.2,0,0,0,0,1,0,0
50,70,1.015,0,0,0,1,0,0,109.4,40.2,0.4,143.9,5.1,17.6,54,3469,5.8,1,0,0,1,0,0,0
56,70,1.02,3,0,0,0,0,0,105.5,10.0,2.8,135.0,8.3,10.2,34,10533,3.3,0,1,0,1,0,0,1
21,90,1.015,3,0,0,0,0,0,184.8,22.5,3.4,133.1,5.9,11.2,33,6746,3.7,0,0,0,0,0,0,1
28,60,1.01,0,0,0,0,0,0,154.2,47.8,3.1,128.9,2.9,9.1,27,9666,3.0,0,1,0,0,1,0,0
63,80,1.02,0,1,0,0,0,0,125.2,51.3,5.9,129.3,2.5,7.2,22,8731,2.7,1,0,0,0,0,0,1
53,110,1.015,0,0,0,0,0,0,162.5,10.0,2.0,140.2,3.9,14.6,43,7916,5.0,0,0,0,0,0,0,1
47,80,1.015,0,0,1,1,0,0,70.0,114.6,0.4,123.8,7.7,13.1,39,8120,5.3,0,1,0,0,0,0,0
51,100,1.02,1,3,1,1,0,0,156.3,51.9,1.0,146.9,3.4,12.5,38,5890,5.0,0,1,0,0,0,0,1
56,60,1.015,2,0,0,1,0,0,159.9,58.9,3.3,131.7,4.7,8.4,26,8354,3.0,0,0,0,1,0,0,1
41,70,1.01,1,2,0,0,0,0,70.0,77.0,2.8,135.5,5.9,17.3,54,6704,6.8,0,0,0,0,0,0,1
37,70,1.015,2,0,0,0,0,0,226.7,17.6,2.3,123.6,2.5,11.0,37,7320,4.4,0,0,0,0,0,0,0
54,80,1.025,0,0,1,0,0,0,78.4,79.8,3.4,136.9,6.5,14.0,41,7461,4.9,0,1,0,1,0,0,1
34,110,1.02,0,0,0,1,0,0,155.1,38.6,3.0,133.7,9.0,8.3,25,7742,2.4,1,1,0,0,0,0,1
57,70,1.02,2,0,0,0,0,1,240.0,12.2,6.4,136.5,4.1,11.9,38,11074,4.2,0,0,0,0,1,0,1
22,80,1.02,0,0,0,0,0,0,221.1,85.7,2.6,151.7,2.5,13.3,44,8023,4.6,0,0,0,0,1,0,1
68,70,1.01,1,0,0,0,0,0,150.7,131.6,4.5,138.8,4.4,13.4,42,11368,4.8,0,0,0,0,0,1,0
59,80,1.015,0,0,0,0,0,0,119.4,93.2,0.9,129.1,2.5,12.9,40,12859,4.6,0,0,0,0,0,0,1
55,80,1.02,0,0,0,0,0,0,222.9,103.1,3.4,129.9,5.6,13.9,44,10879,5.0,1,0,0,1,0,0,1
67,110,1.01,5,0,0,0,0,0,201.3,31.0,7.0,143.0,6.0,9.2,29,9949,3.4,0,0,0,0,0,1,1
79,80,1.015,0,0,0,0,0,0,99.1,10.0,1.5,150.0,9.0,13.1,38,9347,4.3,1,0,0,0,0,0,0
68,70,1.015,4,0,0,1,0,0,85.2,131.5,4.5,139.8,4.0,12.8,40,10909,4.7,1,0,0,0,0,0,1
19,70,1.015,4,0,0,0,0,0,70.0,159.7,3.9,143.9,5.8,13.2,43,8659,4.6,1,0,0,0,0,1,1
29,70,1.025,2,3,1,0,0,0,160.2,134.1,0.4,143.1,2.5,12.7,38,11255,4.6,0,0,0,1,0,0,1
40,70,1.01,1,0,0,0,0,0,141.5,40.2,2.6,151.2,3.5,8.8,27,10180,3.4,0,0,0,0,0,0,1
51,70,1.02,1,2,1,0,1,0,237.8,10.0,0.4,117.5,2.5,8.7,26,7356,2.7,0,0,0,0,0,0,1
59,90,1.01,3,0,0,1,1,0,176.4,10.0,10.3,143.7,4.0,6.1,16,10997,2.1,1,0,1,1,0,0,1
38,80,1.025,0,0,0,0,0,0,253.4,10.0,5.0,146.8,3.7,14.9,46,8665,5.3,0,1,0,0,0,0,0
54,80,1.01,0,0,0,0,0,1,92.9,51.6,0.4,123.6,5.5,14.9,46,8092,5.2,0,0,0,0,0,0,1
38,70,1.015,1,0,0,0,0,0,237.9,137.3,0.4,128.1,2.7,14.9,45,7019,5.6,0,0,0,0,0,0,0
40,90,1.02,0,0,0,1,0,0,106.2,49.9,2.7,128.5,4.9,13.4,39,8881,4.6,1,0,0,0,0,0,0
27,80,1.02,0,0,0,0,0,0,209.4,72.1,1.3,129.7,3.6,6.3,17,11289,2.1,1,0,0,0,0,0,1
35,60,1.015,0,0,0,0,0,0,70.0,125.8,0.4,132.2,3.6,9.5,30,10977,3.2,0,0,0,0,0,0,1
28,80,1.015,1,0,0,0,0,0,166.6,36.8,2.3,139.4,4.8,13.0,44,9424,5.0,0,0,0,0,0,0,1
34,80,1.015,3,0,1,0,0,1,70.0,158.8,1.5,145.7,4.7,12.9,42,10138,4.5,0,0,0,0,0,0,1
68,60,1.015,0,0,1,0,0,0,126.9,156.6,0.4,147.8,6.9,11.9,34,12087,4.4,0,0,0,1,0,0,1
34,80,1.015,3,0,0,1,0,0,182.8,50.4,4.9,128.6,4.2,13.6,43,7965,5.4,1,0,0,0,0,0,1
90,80,1.02,1,1,1,0,0,0,106.8,28.1,7.4,128.6,3.6,12.5,37,5165,4.4,1,1,0,0,0,0,1
59,70,1.015,2,0,0,1,1,0,70.0,91.9,4.2,150.2,4.1,12.9,38,12173,4.9,0,1,0,1,0,0,1
54,100,1.015,1,0,0,0,0,0,214.8,39.6,5.2,143.5,2.5,10.6,31,6863,4.3,0,1,0,0,0,0,1
36,90,1.02,2,0,1,0,0,0,139.8,10.0,0.7,137.8,3.5,15.3,48,6398,5.8,1,0,0,0,0,0,0
62,80,1.025,0,0,0,0,0,1,109.3,121.1,0.9,141.7,9.0,11.3,36,3191,4.0,1,1,0,0,0,0,1
41,80,1.02,2,0,0,1,0,0,151.3,117.8,0.7,136.7,2.5,8.6,26,10056,3.3,1,1,0,1,0,0,1
53,70,1.01,0,0,0,0,0,0,356.3,64.8,4.3,142.2,3.8,10.3,31,3697,3.3,1,1,0,1,0,0,1
90,80,1.01,3,0,1,1,0,0,239.1,10.0,8.9,133.6,3.4,11.5,36,6224,3.9,0,0,0,0,1,0,1
49,80,1.025,5,0,1,1,0,0,239.8,10.0,3.8,139.7,3.9,15.4,48,10105,5.3,1,1,0,1,1,0,1
70,60,1.015,0,2,0,1,0,0,182.4,62.4,6.4,121.9,3.6,12.4,40,10493,5.1,1,0,0,0,0,0,1
39,80,1.01,0,2,0,0,0,0,161.2,32.0,3.1,130.1,5.4,12.0,34,6510,4.0,1,0,0,1,0,0,1
50,90,1.02,2,0,0,0,1,0,70.0,39.9,1.5,130.2,2.5,8.9,27,8010,2.9,0,0,0,0,0,0,1
81,80,1.02,0,0,0,1,0,0,94.4,108.1,1.7,133.3,7.7,14.8,43,5869,5.0,1,1,1,0,1,0,1
40,60,1.02,3,0,0,0,1,0,110.0,93.7,0.4,127.7,6.5,10.6,32,6809,4.0,0,1,0,0,0,1,1
81,90,1.015,0,0,0,0,0,0,70.0,125.9,0.4,131.7,2.5,12.2,37,9172,4.4,0,0,0,0,0,0,1
63,70,1.005,0,0,0,0,0,0,70.0,10.0,3.6,121.9,2.5,16.8,51,6945,6.3,0,0,0,0,0,0,0
41,70,1.025,4,0,0,0,0,0,70.0,39.8,1.7,142.5,2.5,14.0,41,7691,5.2,1,0,0,0,0,0,0
61,70,1.015,1,2,0,0,0,0,145.0,94.9,2.4,136.2,3.9,7.8,21,4152,2.4,0,0,0,0,0,0,1
67,70,1.02,2,0,0,0,0,0,212.7,79.4,2.4,119.9,9.0,7.4,18,11685,2.4,0,0,0,0,0,0,1
61,90,1.02,0,0,1,0,0,0,235.4,133.6,1.0,128.7,6.2,12.3,37,9879,4.8,1,0,0,0,0,0,1
24,80,1.02,1,0,0,0,0,0,180.8,78.0,1.9,140.4,2.5,9.0,27,10699,3.2,1,1,0,0,0,1,1
38,70,1.015,1,0,0,0,0,0,71.9,149.4,1.9,131.6,2.5,14.4,43,12142,5.5,1,0,0,0,1,1,1
46,90,1.015,1,0,0,0,0,0,70.0,84.0,1.5,130.0,4.4,12.6,41,6006,4.5,0,0,0,1,0,1,1
49,90,1.02,1,3,0,0,0,0,70.0,110.1,5.2,136.3,5.4,13.0,38,7360,4.4,1,1,0,0,0,0,1
61,90,1.025,1,0,0,0,0,0,70.0,40.8,1.8,140.4,2.5,10.5,35,2904,3.7,0,1,0,0,0,1,1
54,70,1.025,0,0,0,0,0,0,77.8,57.7,2.8,122.6,4.2,17.6,54,17507,6.0,0,1,0,1,0,0,0
28,80,1.01,0,0,0,0,0,0,135.4,102.5,6.8,142.5,2.5,17.8,51,7966,6.2,0,0,0,0,0,1,1
57,110,1.01,2,0,0,0,0,0,70.0,137.6,6.0,129.0,2.5,11.7,36,11412,4.2,1,1,0,0,0,0,1
61,90,1.025,0,0,0,0,0,0,174.8,93.5,6.6,136.8,5.4,13.5,41,4809,5.0,0,0,0,0,1,0,0
60,60,1.02,1,0,0,0,0,0,129.7,52.8,0.9,136.6,6.9,12.8,33,11289,4.1,0,1,0,0,0,0,1
69,60,1.025,0,0,1,1,0,0,148.8,125.9,0.4,131.7,7.1,11.7,33,13787,4.2,0,1,1,0,0,0,0
65,80,1.015,1,1,0,0,0,0,238.1,10.0,0.9,126.8,6.3,10.1,32,8225,3.4,0,1,0,0,0,0,1
58,100,1.02,2,0,0,0,0,0,70.0,10.0,1.0,134.1,3.1,9.4,33,5468,3.2,1,0,0,0,0,0,1
49,80,1.02,0,0,0,0,0,0,181.1,91.1,7.2,153.3,6.7,9.2,30,7997,3.3,1,0,0,0,0,0,0
22,80,1.02,0,0,0,0,0,0,146.9,57.7,3.1,123.4,5.5,13.7,43,2200,4.7,0,1,0,0,0,0,1
58,70,1.015,0,0,0,0,1,0,121.7,87.3,0.4,153.9,5.0,11.0,34,8290,4.3,0,1,0,0,0,0,1
54,80,1.005,1,0,0,0,0,1,217.9,60.2,0.4,134.4,2.8,5.0,18,10780,2.1,0,0,0,0,0,0,1
55,90,1.02,2,0,0,0,0,0,217.4,85.5,0.5,137.4,3.1,13.8,47,8296,5.3,1,1,1,0,0,0,1
29,70,1.015,0,0,0,0,0,0,73.2,16.3,3.0,126.1,4.8,12.4,37,7575,4.3,0,0,0,1,1,0,0
32,90,1.02,2,0,0,0,0,0,133.6,85.5,4.0,129.3,9.0,16.4,46,9929,5.6,0,0,0,0,0,1,1
68,110,1.025,0,0,0,1,0,0,170.2,106.7,5.9,132.0,5.5,13.6,37,10151,4.9,0,1,0,1,0,0,1
50,70,1.015,0,1,0,0,0,0,126.4,118.0,8.5,126.5,2.8,8.2,28,3586,2.9,0,0,0,1,0,0,1
62,80,1.02,3,0,0,0,1,0,194.2,157.7,0.7,134.9,2.5,6.0,18,8657,2.1,0,0,0,0,1,0,1
51,70,1.01,0,0,0,0,0,0,170.2,69.2,1.1,132.9,3.1,10.4,32,15464,3.4,0,1,0,0,0,1,1
51,90,1.02,0,0,0,0,1,0,292.8,70.7,0.8,155.5,9.0,10.7,29,4528,3.8,0,0,0,0,0,0,1
66,80,1.025,0,1,0,1,0,0,70.0,10.0,1.3,125.3,3.4,15.2,45,8152,5.3,0,0,0,1,0,0,0
42,80,1.01,0,0,1,0,0,0,138.3,30.4,7.4,138.0,7.3,12.5,38,14031,4.7,1,1,0,0,0,0,1
52,90,1.005,0,0,0,0,0,0,76.2,47.3,2.6,139.5,3.5,15.8,49,11602,5.8,0,1,1,0,0,0,1
43,70,1.015,0,0,1,1,0,0,195.7,109.5,4.0,126.3,5.4,8.7,26,6911,3.4,0,0,0,0,0,1,1
43,100,1.01,1,0,0,0,0,0,70.0,26.4,2.0,143.9,7.0,15.3,45,8997,5.1,1,0,0,0,0,0,1
45,80,1.02,0,0,0,0,1,0,175.4,96.8,0.4,133.0,2.9,14.6,43,8393,5.3,1,0,0,0,0,0,0
54,70,1.025,1,0,0,1,0,0,98.2,56.9,0.4,112.1,2.7,6.6,22,6230,2.1,0,1,0,1,0,0,1
42,80,1.015,0,0,1,0,0,0,90.0,48.1,2.3,143.6,9.0,16.3,51,8184,5.5,1,0,0,0,0,0,1
72,90,1.015,0,0,0,0,0,0,70.0,69.4,3.8,125.8,7.6,12.8,40,7588,4.4,0,0,0,1,0,0,1
35,70,1.015,1,0,0,0,0,0,111.3,37.4,0.7,126.5,7.0,13.6,40,8726,5.2,1,1,0,0,0,0,1
47,90,1.02,4,0,0,0,0,0,233.7,35.5,3.8,143.9,7.0,10.0,25,6229,3.5,1,0,0,0,0,0,1
43,100,1.005,0,0,0,0,0,0,146.0,10.0,5.0,133.5,6.0,16.2,49,4697,6.3,0,0,0,0,0,0,1
75,70,1.02,3,0,0,1,0,0,197.6,44.6,1.6,146.2,9.0,9.1,26,8280,3.4,0,1,0,0,0,0,1
54,110,1.02,1,3,1,0,0,0,279.5,33.0,4.1,149.1,4.7,14.9,46,13373,5.2,0,0,0,0,0,0,1
68,70,1.02,1,3,1,0,0,1,168.8,31.2,1.6,130.6,6.3,14.9,52,8638,5.7,1,0,0,0,0,0,0
25,70,1.015,1,1,0,1,0,0,103.9,77.8,3.4,144.9,2.5,9.7,31,7438,3.6,0,1,0,0,0,0,1
55,70,1.02,0,0,1,0,1,0,184.9,89.9,4.3,129.4,2.5,17.8,54,10586,6.1,1,1,0,0,0,0,1
66,90,1.01,0,0,0,0,0,0,105.0,68.6,14.5,159.3,2.5,13.2,42,7940,5.3,0,0,0,0,1,0,1
52,80,1.01,1,0,0,0,0,0,108.2,106.8,1.3,130.1,8.4,14.4,43,13817,5.2,0,0,0,0,0,0,1
69,70,1.025,0,0,0,1,0,0,70.0,85.8,1.6,147.3,2.5,8.1,25,8388,2.9,0,1,0,0,0,1,1
42,70,1.02,3,0,0,1,0,0,221.2,42.2,0.5,145.4,3.4,17.8,54,10431,6.1,0,1,0,0,0,0,0
74,80,1.005,0,0,1,0,0,1,117.5,33.9,0.7,140.2,2.5,8.9,31,6211,3.5,0,0,0,0,0,0,1
90,60,1.015,0,0,0,0,0,0,162.4,72.6,3.5,130.3,2.5,15.5,46,9858,5.7,0,0,0,0,0,1,0
44,90,1.015,2,0,0,0,0,0,70.0,85.7,7.5,135.5,3.1,9.6,30,9197,3.6,1,0,0,0,0,0,1
43,90,1.015,0,0,0,1,0,0,182.4,126.9,1.5,115.5,8.8,10.7,30,8236,3.7,0,1,1,0,0,0,1
75,80,1.015,1,2,0,0,0,0,87.8,116.6,0.6,139.2,5.8,14.8,47,6944,5.5,1,0,0,0,0,0,1
77,110,1.01,1,0,0,0,0,0,136.8,29.9,1.0,140.5,2.5,15.5,51,6549,5.8,0,1,0,0,0,0,1
42,70,1.02,3,0,1,1,0,0,217.3,51.9,1.8,138.3,7.8,8.8,27,9218,2.9,1,1,0,0,0,1,1
43,110,1.02,2,2,1,0,0,0,210.5,90.6,1.0,107.3,4.7,15.7,47,10223,5.2,1,1,0,0,0,0,1
46,80,1.02,1,0,0,0,0,1,146.3,110.4,0.8,124.3,4.7,15.5,48,8031,5.7,0,1,0,0,0,0,0
28,80,1.02,1,0,0,0,0,0,70.0,103.9,4.0,129.5,2.5,9.8,31,9233,3.0,0,1,1,0,0,0,1
35,70,1.01,3,0,0,0,1,0,384.4,53.8,0.4,139.9,2.5,17.1,53,8290,6.2,0,0,0,0,0,0,1
33,90,1.025,0,0,0,0,0,0,285.9,10.0,2.3,139.9,2.5,8.3,26,8685,2.8,1,0,0,0,0,0,1
37,70,1.02,0,1,0,1,0,1,205.1,10.0,4.7,135.3,4.7,10.7,32,7818,4.2,0,1,0,0,0,0,0
50,70,1.02,0,0,0,0,0,0,88.5,70.6,0.9,143.4,4.8,13.9,45,8452,4.8,0,0,0,0,0,0,0
54,50,1.02,0,0,0,0,0,0,139.0,74.1,2.8,126.7,9.0,10.0,32,16224,3.9,0,0,0,0,0,0,0
77,80,1.025,1,0,0,0,1,0,105.1,10.0,3.3,143.1,5.8,13.3,39,9303,4.6,1,0,1,0,0,0,1
34,80,1.02,1,0,0,0,0,0,247.8,59.2,3.2,141.7,2.5,13.2,38,10271,5.0,0,0,0,0,0,0,1
67,80,1.015,1,3,0,0,0,0,168.7,88.6,1.8,140.8,5.4,12.0,36,9670,4.9,0,1,0,0,1,0,1
47,90,1.02,0,0,0,0,0,0,86.1,10.0,1.3,135.2,2.5,14.9,47,7637,5.0,0,1,0,0,0,0,0
50,60,1.02,2,0,0,1,0,0,110.8,112.2,5.4,155.3,2.5,11.8,36,12152,4.3,0,0,0,0,0,0,1
62,80,1.02,0,0,1,0,1,0,236.6,38.1,4.3,141.9,2.5,13.2,39,7555,5.5,0,1,0,1,0,0,1
31,70,1.02,1,0,0,0,0,0,274.4,119.9,1.2,127.3,2.6,15.8,49,11459,5.7,0,0,0,1,0,0,1
57,90,1.01,1,2,1,0,0,0,268.7,30.3,0.4,139.5,2.5,14.8,45,7430,5.3,1,1,0,0,0,1,1
53,90,1.015,0,0,0,1,0,0,207.8,10.0,0.4,144.5,5.2,14.8,47,5616,5.5,1,0,0,1,1,0,0
59,80,1.025,0,0,0,0,0,0,128.0,34.1,0.4,131.1,2.5,9.2,29,9459,3.3,1,1,1,0,0,0,1
55,80,1.02,0,0,0,1,0,1,70.0,52.2,2.6,147.9,5.7,14.0,42,5196,4.5,0,0,0,0,0,0,0
90,70,1.02,2,0,1,0,0,0,171.5,37.6,0.4,140.8,9.0,10.0,31,9953,3.9,1,0,0,0,0,0,0
40,80,1.015,3,0,0,1,1,0,147.9,46.2,1.2,113.6,2.5,8.8,29,4936,2.5,0,1,1,0,0,0,0
41,90,1.015,1,1,0,0,0,0,159.1,73.7,4.2,140.0,3.7,12.3,36,7474,4.3,0,0,0,0,1,1,0
40,80,1.025,0,0,0,1,0,0,152.3,48.4,1.0,132.9,2.5,9.9,31,4247,3.9,1,1,0,0,0,0,0
41,70,1.02,0,2,0,0,1,0,70.0,53.7,4.3,142.4,3.7,14.8,45,16590,5.2,1,0,0,0,0,0,0
40,80,1.02,2,0,0,0,0,0,192.0,10.0,4.1,146.4,6.5,14.9,47,3603,5.1,0,0,0,0,1,0,0
71,90,1.02,2,0,1,0,0,0,197.9,76.6,0.8,139.0,6.8,7.0,20,8428,2.8,1,0,0,0,0,0,1
75,70,1.02,0,0,0,1,0,0,201.9,52.5,3.9,153.7,4.8,10.1,31,11715,3.4,1,0,0,0,0,1,1
41,70,1.015,0,0,0,0,0,0,222.8,137.5,4.1,135.2,7.3,8.3,27,11405,2.6,0,0,0,0,1,0,1
36,80,1.02,2,2,0,1,0,0,195.7,10.0,1.5,143.2,9.0,11.2,32,10868,4.1,0,1,0,0,0,0,1
59,90,1.015,0,0,0,1,1,0,115.6,10.0,0.7,145.0,9.0,13.8,40,7480,4.9,1,0,1,0,0,1,1
41,70,1.015,0,0,0,0,0,0,142.4,87.9,2.2,136.0,3.0,11.8,33,12318,3.8,0,1,0,0,0,0,0
61,70,1.02,0,0,0,1,0,0,155.2,74.3,7.6,144.8,2.5,10.8,31,11048,4.0,0,0,0,0,0,0,1
54,70,1.025,1,0,0,0,0,0,156.5,10.0,3.1,131.1,3.4,16.3,51,9015,6.0,1,0,0,0,0,0,1
25,70,1.01,3,0,0,0,0,0,226.9,10.0,0.6,132.8,2.5,5.8,16,9097,2.1,0,0,0,0,0,0,1
77,80,1.02,4,0,0,0,0,0,198.8,133.9,3.4,123.9,6.0,16.1,49,7518,5.7,0,0,0,0,0,0,1
81,80,1.015,1,0,1,0,0,0,312.1,127.7,1.7,139.4,2.5,10.9,35,5762,4.0,0,1,0,0,0,0,1
40,80,1.015,1,0,0,0,1,0,322.3,10.0,2.7,140.3,4.4,12.3,38,11987,4.7,0,0,0,0,0,0,0
44,80,1.005,0,0,0,0,0,0,154.3,34.1,4.0,148.8,7.1,11.0,33,12205,3.8,1,0,0,0,0,0,1
55,70,1.015,1,0,0,0,0,0,70.0,140.2,2.2,144.9,4.3,17.0,53,5836,6.3,1,0,0,0,0,1,1
56,90,1.02,0,0,0,0,0,0,245.7,33.2,5.0,134.2,2.5,8.9,27,7954,3.3,0,0,0,1,0,0,1
62,80,1.01,1,0,0,0,0,1,105.3,32.5,3.8,125.2,8.1,12.5,38,7984,4.7,1,0,0,0,0,0,1
85,110,1.02,0,4,0,0,0,0,84.7,42.9,2.9,141.3,2.5,14.0,42,8305,5.0,1,0,0,0,0,0,0
47,80,1.025,0,0,0,1,0,0,116.5,10.0,0.5,148.1,3.6,7.8,28,8586,2.5,0,0,0,0,0,0,1
37,70,1.01,0,0,1,0,0,0,112.7,10.0,5.4,144.6,4.5,9.8,31,11145,3.4,1,1,0,0,0,0,0
27,80,1.02,0,0,0,0,0,0,196.4,109.6,8.2,147.8,4.6,12.1,42,6233,4.4,0,1,0,0,0,0,1
38,70,1.015,0,0,0,0,0,0,70.0,10.0,0.4,134.9,5.1,9.9,29,5945,4.1,0,0,0,0,0,0,0
50,80,1.02,0,0,0,0,0,0,70.0,69.4,2.0,132.3,6.4,10.1,31,11986,3.5,0,0,0,0,0,0,0
81,60,1.015,4,0,0,1,0,0,175.1,101.3,0.9,129.6,4.5,11.5,32,7058,4.3,1,1,0,0,1,0,0
42,70,1.01,0,0,0,0,0,0,197.2,10.0,4.2,136.4,3.5,14.4,43,4737,5.0,0,1,1,0,0,0,1
54,90,1.01,1,0,1,0,0,0,198.7,10.8,3.8,136.2,3.4,11.5,39,6993,4.1,1,1,1,0,0,0,1
50,70,1.01,3,0,0,0,0,0,85.8,117.7,0.5,139.1,2.8,15.6,47,7442,6.0,1,1,0,0,0,1,1
71,90,1.01,5,1,0,0,0,0,70.7,83.6,6.3,135.7,7.0,9.6,33,12909,3.7,0,0,0,0,0,0,1
90,70,1.02,1,2,0,1,0,0,108.0,26.1,0.6,135.7,2.7,8.9,25,11081,2.8,0,1,0,0,0,0,1
41,80,1.025,2,0,0,1,0,0,166.9,117.1,4.8,129.2,7.1,17.8,53,11727,6.2,0,1,0,0,1,1,0
42,80,1.02,0,0,0,0,0,0,265.4,117.3,1.8,146.4,4.7,10.6,32,10777,4.2,0,0,0,0,0,0,1
68,80,1.02,0,2,0,0,0,0,70.0,70.5,1.2,137.8,3.0,8.7,26,11144,3.1,1,0,0,0,0,1,1
62,70,1.01,0,0,0,0,0,0,130.6,12.0,0.5,135.3,6.5,7.4,24,6404,2.3,0,0,0,0,0,1,1
82,70,1.015,1,1,0,0,0,0,70.0,36.3,0.6,129.5,2.5,15.6,49,7824,5.3,0,0,0,0,1,0,0
60,60,1.015,1,0,0,1,0,0,70.0,71.3,3.3,123.7,6.5,11.5,34,5529,4.3,0,0,0,0,0,0,1
44,70,1.015,0,2,1,1,1,0,224.4,47.6,2.4,150.1,5.2,11.8,36,7789,4.5,1,0,0,0,0,0,1
61,80,1.02,0,0,0,0,0,0,191.0,103.9,0.4,142.5,2.8,12.0,36,10383,4.3,1,0,0,1,0,0,1
69,100,1.02,1,3,1,1,0,0,183.5,10.0,0.4,120.8,6.2,15.4,45,8790,6.2,1,0,0,0,0,1,1
64,90,1.015,0,0,0,0,0,0,220.8,10.0,0.4,144.6,6.2,12.0,35,12203,4.5,1,0,0,0,0,1,1
59,90,1.015,1,0,0,0,1,0,110.1,66.0,4.1,146.2,8.1,17.8,54,5089,6.3,0,1,0,0,0,0,1
69,90,1.02,1,2,0,0,0,1,113.8,32.4,3.7,138.2,7.5,12.9,36,9850,4.4,0,0,0,0,0,0,1
70,80,1.02,2,0,0,0,0,0,320.7,25.6,0.4,153.0,6.1,15.6,51,4779,5.3,1,1,0,0,1,0,1
74,70,1.015,2,0,0,0,0,0,128.5,10.0,2.5,139.2,2.5,14.8,45,8673,5.4,1,1,0,0,0,0,1
62,100,1.025,3,0,0,0,0,0,206.1,58.0,0.4,122.8,9.0,12.4,36,10546,4.3,0,1,0,0,1,0,0
48,80,1.025,0,0,0,0,0,0,148.5,54.4,7.0,140.7,2.5,10.8,34,7777,4.4,0,1,0,0,0,1,1
53,80,1.015,2,2,1,0,0,0,70.0,89.7,7.1,139.4,7.4,13.5,44,9998,5.3,0,0,0,1,0,0,1
71,70,1.015,1,0,0,1,0,0,70.0,60.4,3.6,131.0,5.9,14.0,45,5616,5.2,1,0,0,0,0,0,1
37,70,1.02,0,0,0,0,0,0,102.3,50.4,7.8,142.7,2.5,10.8,34,3575,3.5,0,0,0,0,0,0,1
57,80,1.025,0,0,0,0,0,0,231.4,115.9,5.0,120.3,4.2,13.0,42,10015,4.4,0,1,0,0,0,0,1
44,90,1.025,0,0,1,1,0,1,210.3,10.0,5.3,146.9,4.4,16.1,46,13457,6.1,1,0,1,0,0,0,0
51,80,1.01,0,0,0,1,0,0,220.2,83.8,2.5,128.2,8.5,17.8,54,5511,6.2,0,0,0,1,0,0,1
72,70,1.015,1,0,0,1,0,0,70.0,10.0,1.1,127.2,2.5,15.0,44,11944,5.7,0,1,0,0,0,0,1
54,110,1.02,2,0,0,0,0,1,275.7,15.1,0.7,135.9,3.8,17.8,54,8525,6.5,0,1,0,1,0,0,1
51,70,1.02,0,4,0,0,0,0,71.8,10.0,1.2,141.3,2.5,10.7,32,4526,3.8,0,1,1,0,0,0,1
27,70,1.01,0,0,1,0,1,0,164.8,96.1,3.0,138.6,9.0,14.5,46,5118,5.0,0,1,0,0,0,0,0
63,60,1.025,4,0,0,0,0,0,147.2,53.7,0.6,129.6,2.5,16.4,51,8445,5.8,0,0,0,0,0,0,0
61,80,1.02,0,3,0,1,0,0,134.3,56.3,0.9,131.9,5.6,9.9,28,7227,3.6,0,0,0,0,1,0,0
87,100,1.02,0,0,1,0,0,0,253.7,10.0,1.9,125.7,4.3,11.1,33,4592,4.3,1,0,0,0,0,0,0
45,70,1.025,1,1,0,0,0,0,92.3,42.0,0.8,134.8,4.3,17.5,54,3487,6.0,1,1,0,0,0,0,0
54,90,1.02,1,0,0,0,0,0,70.0,18.8,2.7,147.8,7.0,9.7,28,5944,3.4,0,0,0,0,1,0,1
55,70,1.015,0,1,0,0,0,0,149.6,76.2,7.7,137.0,9.0,8.6,26,8962,3.1,0,0,0,1,0,0,1
77,100,1.02,0,0,0,1,0,0,116.4,10.0,4.1,145.6,5.4,16.9,50,8381,6.2,1,1,1,0,0,0,0
49,90,1.01,0,3,0,0,0,0,414.8,123.5,3.3,151.6,6.6,16.0,48,6946,5.4,0,0,0,0,0,0,1
55,90,1.02,1,0,0,0,0,1,201.4,10.0,2.6,131.1,5.6,13.8,42,8985,4.5,0,1,0,0,0,0,1
61,50,1.01,1,0,0,0,0,0,115.7,16.7,2.0,135.1,7.7,12.4,36,11416,4.6,0,1,0,1,0,0,1
54,110,1.02,0,0,0,0,0,0,70.0,140.9,0.6,158.7,3.2,11.2,32,9542,3.5,1,1,0,0,1,0,1
43,80,1.015,1,0,0,0,0,0,70.0,35.2,6.8,151.4,7.8,13.3,41,8048,5.1,0,0,0,0,0,0,1
54,70,1.01,2,0,1,0,0,0,70.0,10.0,0.9,120.3,7.9,17.1,51,11091,6.1,1,0,0,0,1,0,1
69,90,1.01,0,0,0,0,0,0,157.1,68.0,0.4,140.9,7.8,13.2,39,5616,4.3,1,1,0,0,0,1,0
33,70,1.005,0,0,0,0,0,0,260.8,33.2,4.2,137.0,2.6,17.8,53,7747,6.2,1,1,0,0,0,0,1
53,90,1.02,1,0,0,1,0,0,236.6,15.2,0.6,145.3,4.1,9.9,30,7816,3.6,0,0,0,0,0,0,0
39,70,1.02,0,0,0,1,0,0,166.1,10.0,1.4,129.6,5.3,12.4,40,4812,4.3,1,0,0,1,1,0,0
71,80,1.02,0,0,0,1,0,0,122.5,195.4,0.4,128.6,2.5,11.4,38,7182,4.1,0,0,1,0,0,0,1
25,80,1.01,1,0,0,0,0,0,169.2,44.4,0.4,130.2,9.0,9.4,27,2382,3.6,0,1,1,0,0,0,1
41,60,1.01,3,0,0,0,0,0,107.0,10.0,0.6,131.3,4.6,12.1,41,13945,4.3,0,0,1,0,0,0,0
57,70,1.005,2,0,0,0,0,0,283.8,131.7,0.4,145.2,5.5,13.7,40,5681,4.6,0,0,0,0,0,0,1
77,50,1.01,1,0,0,1,0,0,133.1,87.6,3.2,125.2,2.9,14.0,45,12999,4.9,1,1,0,0,0,0,1
49,80,1.025,2,0,0,1,0,0,141.2,18.7,5.4,130.8,2.5,17.8,53,8510,6.8,0,0,1,1,0,0,0
41,70,1.015,0,0,0,1,0,0,70.0,10.3,1.4,119.1,2.8,13.8,41,10038,5.4,0,1,0,1,0,1,0
82,80,1.015,1,2,1,0,0,0,132.6,90.7,6.2,147.1,5.3,15.8,47,6982,5.0,0,0,0,1,1,0,1
26,70,1.01,0,0,0,1,0,0,214.1,44.7,0.7,149.7,6.6,12.7,39,9002,4.9,1,0,0,1,0,1,1
13,70,1.015,0,0,0,0,0,0,70.0,10.0,1.2,133.7,5.1,17.4,54,10286,6.3,0,0,0,0,0,0,0
58,80,1.02,2,0,0,0,0,0,88.7,146.4,0.5,134.0,5.6,17.8,54,10327,6.6,1,0,0,0,0,0,0
42,60,1.02,1,0,1,0,0,0,210.6,35.3,2.9,141.5,3.6,14.0,41,10646,4.8,1,0,0,0,1,0,0
33,100,1.015,0,0,0,0,0,0,70.0,131.8,1.6,151.7,6.1,9.6,27,7331,2.9,1,0,0,0,0,0,1
63,90,1.01,3,0,0,0,0,0,231.6,120.9,2.9,141.1,9.0,10.9,31,7006,4.1,0,0,0,0,0,0,1
55,80,1.015,0,0,0,0,0,0,106.0,10.0,4.3,130.0,6.7,13.3,41,3776,4.5,1,1,0,0,0,0,1
41,80,1.015,0,0,1,0,0,0,117.3,108.7,2.4,120.8,7.0,13.8,42,9917,4.5,0,0,0,0,0,0,0
29,90,1.015,0,0,0,0,0,0,70.0,24.4,3.0,125.8,5.5,14.5,43,11538,4.8,1,1,0,0,1,0,1
65,70,1.025,2,0,0,1,0,0,177.9,10.0,8.2,137.7,2.5,13.8,43,13086,5.1,1,0,0,1,1,0,1
62,60,1.02,2,0,1,0,0,0,342.3,35.8,1.1,130.4,2.5,12.5,43,9285,4.5,0,0,0,1,0,0,0
49,70,1.02,0,0,1,0,0,0,209.7,76.9,1.3,138.9,6.0,10.7,32,6177,4.1,1,0,0,0,0,0,1
82,90,1.015,1,3,1,1,0,0,79.7,33.9,3.8,131.5,4.6,13.7,41,3478,5.1,0,0,0,0,0,0,1
32,60,1.015,0,0,0,1,0,0,237.7,41.6,2.8,126.4,5.9,17.8,54,11420,6.2,0,0,0,1,0,0,1
25,80,1.02,2,0,0,0,0,0,123.0,114.2,0.6,125.2,9.0,15.5,46,3190,5.5,0,0,0,1,0,0,0
39,120,1.02,0,2,0,0,0,0,256.6,62.3,1.4,152.6,6.8,14.1,45,7412,4.9,1,0,0,1,0,1,0
50,90,1.02,0,0,0,0,0,0,211.7,14.8,1.9,145.9,8.4,15.5,46,7749,5.5,1,0,0,1,0,0,1
55,80,1.01,3,0,0,0,0,0,70.0,92.1,1.6,154.3,4.9,11.4,39,8198,3.8,1,0,0,1,1,0,1
46,60,1.02,0,0,0,0,0,0,70.0,66.9,0.6,142.4,2.5,11.0,34,8503,4.0,1,0,0,0,0,0,1
56,90,1.015,0,1,0,1,0,0,222.6,10.0,7.7,132.7,4.4,10.3,30,8800,4.0,0,0,0,0,0,0,1
29,80,1.025,1,0,0,0,1,0,160.0,78.4,4.3,150.2,2.5,12.1,36,2200,4.1,1,1,0,0,0,0,1
75,70,1.02,4,0,0,1,0,0,70.0,76.6,2.0,136.7,9.0,11.3,34,8442,4.4,0,0,0,0,0,0,1
49,60,1.02,0,0,0,1,1,0,97.9,58.0,3.4,139.2,7.0,16.0,52,2200,5.7,1,1,0,1,1,1,1
69,100,1.01,0,3,0,1,1,0,70.0,101.6,6.8,136.6,6.2,11.1,31,10523,4.0,1,0,1,0,0,0,1
56,80,1.02,0,0,0,0,0,0,141.0,23.4,0.4,107.5,8.3,10.2,30,6790,3.1,0,1,0,0,0,0,0
58,90,1.01,1,0,0,1,0,0,322.6,73.8,0.9,153.0,2.5,17.8,54,2200,5.8,0,0,0,0,0,0,1
60,90,1.015,0,1,0,0,0,0,211.6,10.0,2.3,141.9,6.4,11.2,34,6038,4.0,0,1,0,0,0,0,0
58,80,1.01,1,0,0,0,0,0,321.0,77.4,4.8,140.3,2.5,12.9,39,6746,4.8,1,0,1,0,1,0,1
61,80,1.02,5,0,0,0,0,0,217.7,154.7,0.4,136.4,4.6,13.8,39,11853,4.7,0,0,0,1,0,0,1
73,70,1.015,0,0,0,0,1,0,229.2,10.0,12.4,138.6,3.7,9.2,27,8970,3.8,0,0,0,0,1,0,0
54,70,1.015,0,0,1,0,0,0,304.0,19.0,1.8,131.0,6.6,16.1,49,9398,6.0,1,0,0,1,1,0,1
63,70,1.025,0,1,0,0,0,0,177.8,21.5,1.3,143.2,5.3,14.3,43,11825,4.8,0,1,0,1,1,0,0
49,90,1.015,0,0,0,0,0,0,133.2,63.5,1.0,123.9,8.6,17.0,54,8121,6.1,0,0,0,0,1,0,0
75,80,1.02,3,1,1,0,0,0,229.6,10.0,0.6,138.9,2.8,10.5,34,10587,4.5,0,0,0,0,0,0,1
39,90,1.015,0,0,0,0,0,0,262.9,78.1,4.7,142.6,6.7,12.8,39,10383,4.2,0,0,0,0,1,0,1
81,70,1.005,0,0,1,0,0,0,110.1,99.3,9.3,135.0,5.1,12.6,39,4669,4.7,1,0,0,0,0,0,1
50,80,1.02,1,3,1,1,0,0,91.0,83.7,1.6,140.7,2.5,13.3,36,12671,4.7,0,0,0,0,0,0,1
26,80,1.01,0,0,0,0,0,0,159.0,10.0,9.1,127.1,2.5,8.3,24,4281,3.2,0,0,0,1,0,1,1
53,80,1.02,1,0,1,0,0,0,213.7,106.8,5.2,127.3,4.2,12.8,41,11060,5.0,0,0,0,0,0,0,1
39,80,1.02,0,0,0,0,0,0,211.0,103.9,2.0,139.4,7.9,8.4,25,4000,2.9,0,0,0,0,0,0,1
65,70,1.02,2,1,0,0,0,0,70.0,98.5,3.4,143.8,6.0,13.5,40,10143,5.2,1,0,0,0,0,0,1
39,80,1.02,3,0,0,0,0,0,299.0,75.6,1.7,118.3,2.5,6.3,24,13799,2.9,1,0,0,0,0,0,1
43,70,1.015,1,0,0,0,0,0,97.3,68.0,2.5,142.2,4.2,7.1,25,7782,2.6,0,0,0,0,0,0,1
18,70,1.005,4,0,1,1,0,0,127.1,108.6,0.4,131.6,9.0,14.9,47,7656,5.6,0,0,0,0,0,0,1
43,80,1.02,0,0,0,0,0,0,76.7,153.2,3.6,135.1,4.9,10.9,36,10170,3.7,0,0,0,0,0,1,1
12,80,1.02,0,0,0,0,0,0,361.2,10.0,0.4,123.6,3.6,9.6,25,7444,3.4,0,1,0,0,0,0,1
24,100,1.02,1,0,0,0,0,0,167.1,110.9,5.1,128.5,6.1,16.2,48,13673,5.7,0,1,0,0,0,0,0
63,80,1.02,1,0,0,1,0,0,80.8,52.7,5.2,146.7,6.9,13.5,40,8957,5.1,1,1,0,0,0,0,1
64,80,1.02,0,0,0,0,0,0,216.2,50.5,0.8,137.3,3.2,15.0,46,7471,5.7,0,0,0,0,0,0,0
58,80,1.02,0,0,0,0,0,0,208.8,10.0,1.2,133.2,6.1,12.0,36,6833,4.3,0,1,0,0,0,0,0
34,80,1.015,0,2,1,1,0,0,133.2,42.8,2.0,135.8,3.6,17.8,50,5694,6.8,0,0,1,0,0,1,0
50,60,1.02,0,0,0,0,0,0,214.4,10.0,2.7,141.9,6.8,10.7,33,6579,4.3,0,0,0,0,0,0,1
50,70,1.02,0,4,1,0,0,0,82.8,33.8,1.0,141.4,5.1,17.6,54,7383,6.5,1,0,1,0,0,0,0
31,70,1.01,2,0,0,0,1,1,109.1,10.0,2.7,136.2,6.0,12.3,41,6985,4.2,0,1,0,0,0,0,1
76,80,1.025,0,0,0,0,0,0,70.0,34.6,1.1,147.9,2.5,7.7,22,6491,2.6,0,1,0,0,1,1,0
65,60,1.025,0,2,0,0,0,0,70.0,36.7,0.4,146.7,2.5,13.9,41,14486,4.7,0,0,0,1,0,1,0
47,70,1.02,1,0,0,0,0,0,290.8,61.8,0.4,141.1,7.4,13.4,36,5412,5.1,1,0,0,0,1,0,0
51,70,1.01,1,0,0,0,0,0,277.7,10.0,0.4,137.5,4.4,9.5,28,8825,3.0,0,1,0,0,0,0,1
54,110,1.015,3,4,1,0,0,0,153.2,10.0,4.7,143.6,5.5,9.8,32,10118,3.7,1,1,0,0,0,0,1
16,70,1.02,1,0,0,0,0,0,279.4,75.1,9.8,140.1,3.7,12.4,37,10227,4.1,0,1,0,0,1,1,1
46,80,1.025,0,0,1,1,0,0,135.4,17.1,1.7,147.6,7.3,13.5,46,8230,5.1,1,0,0,0,0,0,1
39,70,1.015,2,0,0,1,0,0,128.8,110.7,2.2,146.0,2.8,5.3,16,7701,2.1,1,0,1,0,0,0,1
33,80,1.01,1,0,0,0,1,0,152.5,68.3,0.5,126.8,4.2,15.6,48,9709,6.0,0,0,0,0,0,1,0
46,70,1.025,0,0,0,0,0,0,138.1,87.3,2.4,126.1,7.0,11.1,31,9172,4.3,1,1,1,0,0,0,1
81,70,1.015,1,0,1,0,0,0,131.0,127.5,0.5,130.0,8.1,8.6,27,7649,3.5,1,1,0,0,0,0,1
61,80,1.02,3,0,0,0,0,0,238.3,41.5,2.8,146.8,3.0,15.2,43,3870,5.9,0,0,0,0,0,0,0
41,50,1.025,0,0,1,0,0,1,159.9,28.3,8.1,121.2,9.0,12.4,39,7043,4.5,0,0,0,0,1,0,1
60,50,1.01,0,0,1,1,0,0,204.3,100.6,0.7,140.9,5.5,16.0,51,5075,5.4,1,1,0,0,1,0,1
